-- phpMyAdmin SQL Dump
-- version 4.2.11
-- http://www.phpmyadmin.net
--
-- Host: 127.0.0.1
-- Generation Time: Dec 13, 2015 at 05:03 PM
-- Server version: 5.6.21
-- PHP Version: 5.6.3

SET SQL_MODE = "NO_AUTO_VALUE_ON_ZERO";
SET time_zone = "+00:00";


/*!40101 SET @OLD_CHARACTER_SET_CLIENT=@@CHARACTER_SET_CLIENT */;
/*!40101 SET @OLD_CHARACTER_SET_RESULTS=@@CHARACTER_SET_RESULTS */;
/*!40101 SET @OLD_COLLATION_CONNECTION=@@COLLATION_CONNECTION */;
/*!40101 SET NAMES utf8 */;

--
-- Database: `db_smanjak`
--

-- --------------------------------------------------------

--
-- Table structure for table `deskripsi`
--

CREATE TABLE IF NOT EXISTS `deskripsi` (
`id_deskripsi` int(11) NOT NULL,
  `kode_kelas` int(11) NOT NULL,
  `kode_mapel` varchar(6) NOT NULL,
  `kode_semester` varchar(6) NOT NULL,
  `p_atas` longtext NOT NULL,
  `p_tengah` longtext NOT NULL,
  `p_bawah` longtext NOT NULL,
  `k_atas` longtext NOT NULL,
  `k_tengah` longtext NOT NULL,
  `k_bawah` longtext NOT NULL,
  `s_atas` longtext NOT NULL,
  `s_tengah` longtext NOT NULL,
  `s_bawah` longtext NOT NULL
) ENGINE=InnoDB AUTO_INCREMENT=17 DEFAULT CHARSET=latin1;

--
-- Dumping data for table `deskripsi`
--

INSERT INTO `deskripsi` (`id_deskripsi`, `kode_kelas`, `kode_mapel`, `kode_semester`, `p_atas`, `p_tengah`, `p_bawah`, `k_atas`, `k_tengah`, `k_bawah`, `s_atas`, `s_tengah`, `s_bawah`) VALUES
(2, 3, 'BIND', 'SMT1', 'aa', 'aa', 'dd', '', '', '', '', '', ''),
(3, 3, 'BING', 'SMT1', '', '', '', '', '', '', '', '', ''),
(4, 3, 'BIO', 'SMT1', '', '', '', '', '', '', '', '', ''),
(5, 3, 'BSND', 'SMT1', '', '', '', '', '', '', '', '', ''),
(6, 3, 'EKO', 'SMT1', '', '', '', '', '', '', '', '', ''),
(7, 3, 'FIS', 'SMT1', '', '', '', '', '', '', '', '', ''),
(8, 3, 'KIM', 'SMT1', '', '', '', '', '', '', '', '', ''),
(9, 3, 'MATA', 'SMT1', '', '', '', '', '', '', '', '', ''),
(10, 3, 'MATC', 'SMT1', '', '', '', '', '', '', '', '', ''),
(11, 3, 'OR', 'SMT1', '', '', '', '', '', '', '', '', ''),
(12, 3, 'PAI', 'SMT1', '', '', '', '', '', '', '', '', ''),
(13, 3, 'PK', 'SMT1', '', '', '', '', '', '', '', '', ''),
(14, 3, 'PKN', 'SMT1', '', '', '', '', '', '', '', '', ''),
(15, 3, 'SB', 'SMT1', '', '', '', '', '', '', '', '', ''),
(16, 3, 'SEJA', 'SMT1', '', '', '', '', '', '', '', '', '');

-- --------------------------------------------------------

--
-- Table structure for table `deskripsieskul`
--

CREATE TABLE IF NOT EXISTS `deskripsieskul` (
`id_deskripsieskul` int(11) NOT NULL,
  `kode_eskul` varchar(8) NOT NULL,
  `nis_siswa` varchar(13) NOT NULL,
  `deskripsi` mediumtext NOT NULL
) ENGINE=InnoDB DEFAULT CHARSET=latin1;

-- --------------------------------------------------------

--
-- Table structure for table `detailkelassiswa`
--

CREATE TABLE IF NOT EXISTS `detailkelassiswa` (
`id_detail` int(11) NOT NULL,
  `kode_kelas` int(11) NOT NULL,
  `nis_siswa` varchar(13) NOT NULL,
  `keterangan` varchar(25) NOT NULL DEFAULT ''
) ENGINE=InnoDB AUTO_INCREMENT=204 DEFAULT CHARSET=latin1;

--
-- Dumping data for table `detailkelassiswa`
--

INSERT INTO `detailkelassiswa` (`id_detail`, `kode_kelas`, `nis_siswa`, `keterangan`) VALUES
(164, 3, '1314.10.006', 'Data Siswa'),
(165, 3, '1314.10.020', 'Data Siswa'),
(166, 3, '1314.10.026', 'Data Siswa'),
(167, 3, '1314.10.044', 'Data Siswa'),
(168, 3, '1314.10.050', 'Data Siswa'),
(169, 3, '1314.10.057', 'Data Siswa'),
(170, 3, '1314.10.072', 'Data Siswa'),
(171, 3, '1314.10.076', 'Data Siswa'),
(172, 3, '1314.10.099', 'Data Siswa'),
(173, 3, '1314.10.102', 'Data Siswa'),
(174, 3, '1314.10.121', 'Data Siswa'),
(175, 3, '1314.10.128', 'Data Siswa'),
(176, 3, '1314.10.136', 'Data Siswa'),
(177, 3, '1314.10.150', 'Data Siswa'),
(178, 3, '1314.10.153', 'Data Siswa'),
(179, 3, '1314.10.168', 'Data Siswa'),
(180, 3, '1314.10.171', 'Data Siswa'),
(181, 3, '1314.10.190', 'Data Siswa'),
(182, 3, '1314.10.202', 'Data Siswa'),
(183, 3, '1314.10.203', 'Data Siswa'),
(184, 3, '1314.10.210', 'Data Siswa'),
(185, 3, '1314.10.224', 'Data Siswa'),
(186, 3, '1314.10.235', 'Data Siswa'),
(187, 3, '1314.10.241', 'Data Siswa'),
(188, 3, '1314.10.258', 'Data Siswa'),
(189, 3, '1314.10.262', 'Data Siswa'),
(190, 3, '1314.10.271', 'Data Siswa'),
(191, 3, '1314.10.279', 'Data Siswa'),
(192, 3, '1314.10.293', 'Data Siswa'),
(193, 3, '1314.10.294', 'Data Siswa'),
(194, 3, '1314.10.314', 'Data Siswa'),
(195, 3, '1314.10.322', 'Data Siswa'),
(196, 3, '1314.10.324', 'Data Siswa'),
(197, 3, '1314.10.344', 'Data Siswa'),
(198, 3, '1314.10.352', 'Data Siswa'),
(199, 3, '1314.10.364', 'Data Siswa'),
(200, 3, '1314.10.381', 'Data Siswa'),
(201, 3, '1314.10.392', 'Data Siswa'),
(202, 3, '1314.10.396', 'Data Siswa'),
(203, 3, '1314.10.405', 'Data Siswa');

-- --------------------------------------------------------

--
-- Table structure for table `detailmapelguru`
--

CREATE TABLE IF NOT EXISTS `detailmapelguru` (
`id_detail` int(11) NOT NULL,
  `id_guru` int(11) NOT NULL,
  `kode_mapel` varchar(6) NOT NULL,
  `status` varchar(12) NOT NULL DEFAULT 'Aktif'
) ENGINE=InnoDB AUTO_INCREMENT=44 DEFAULT CHARSET=latin1;

--
-- Dumping data for table `detailmapelguru`
--

INSERT INTO `detailmapelguru` (`id_detail`, `id_guru`, `kode_mapel`, `status`) VALUES
(29, 51452, 'PAI', 'Aktif'),
(30, 22833, 'PKN', 'Aktif'),
(31, 71975, 'BIND', 'Aktif'),
(32, 27674, 'MATA', 'Aktif'),
(33, 27674, 'MATC', 'Aktif'),
(34, 28584, 'SEJA', 'Aktif'),
(35, 90844, 'BING', 'Aktif'),
(36, 94933, 'SB', 'Aktif'),
(37, 6762, 'OR', 'Aktif'),
(38, 68207, 'PK', 'Aktif'),
(39, 35393, 'BSND', 'Aktif'),
(40, 42882, 'BIO', 'Aktif'),
(41, 2019, 'FIS', 'Aktif'),
(42, 66870, 'KIM', 'Aktif'),
(43, 41263, 'EKO', 'Aktif');

-- --------------------------------------------------------

--
-- Table structure for table `detailmapelkelas`
--

CREATE TABLE IF NOT EXISTS `detailmapelkelas` (
`id_detail` int(11) NOT NULL,
  `kode_kelas` int(11) NOT NULL,
  `id_guru` int(11) DEFAULT NULL,
  `kode_mapel` varchar(6) NOT NULL,
  `status` varchar(12) NOT NULL DEFAULT 'Aktif'
) ENGINE=InnoDB AUTO_INCREMENT=112 DEFAULT CHARSET=latin1;

--
-- Dumping data for table `detailmapelkelas`
--

INSERT INTO `detailmapelkelas` (`id_detail`, `kode_kelas`, `id_guru`, `kode_mapel`, `status`) VALUES
(97, 3, 27674, 'MATA', 'Aktif'),
(98, 3, 51452, 'PAI', 'Aktif'),
(99, 3, 22833, 'PKN', 'Aktif'),
(100, 3, 28584, 'SEJA', 'Aktif'),
(101, 3, 90844, 'BING', 'Aktif'),
(102, 3, 71975, 'BIND', 'Aktif'),
(103, 3, 94933, 'SB', 'Aktif'),
(104, 3, 68207, 'PK', 'Aktif'),
(105, 3, 35393, 'BSND', 'Aktif'),
(106, 3, 6762, 'OR', 'Aktif'),
(107, 3, 27674, 'MATC', 'Aktif'),
(108, 3, 66870, 'KIM', 'Aktif'),
(109, 3, 42882, 'BIO', 'Aktif'),
(110, 3, 41263, 'EKO', 'Aktif'),
(111, 3, 2019, 'FIS', 'Aktif');

-- --------------------------------------------------------

--
-- Table structure for table `ekstrakurikuler`
--

CREATE TABLE IF NOT EXISTS `ekstrakurikuler` (
  `kode_eskul` varchar(8) NOT NULL,
  `nama_eskul` varchar(50) NOT NULL,
  `keterangan` varchar(12) NOT NULL DEFAULT 'Aktif'
) ENGINE=InnoDB DEFAULT CHARSET=latin1;

--
-- Dumping data for table `ekstrakurikuler`
--

INSERT INTO `ekstrakurikuler` (`kode_eskul`, `nama_eskul`, `keterangan`) VALUES
('AS', 'Bola Sepak Bola', 'Aktif'),
('DAS', 'Sepak Wanita', 'Aktif');

-- --------------------------------------------------------

--
-- Table structure for table `guru`
--

CREATE TABLE IF NOT EXISTS `guru` (
  `id_guru` int(11) NOT NULL,
  `nip` varchar(25) DEFAULT '',
  `nuptk` varchar(25) DEFAULT '',
  `nama_guru` varchar(50) NOT NULL,
  `status_guru` varchar(13) NOT NULL DEFAULT 'Aktif',
  `keterangan` text
) ENGINE=InnoDB DEFAULT CHARSET=latin1;

--
-- Dumping data for table `guru`
--

INSERT INTO `guru` (`id_guru`, `nip`, `nuptk`, `nama_guru`, `status_guru`, `keterangan`) VALUES
(2019, '', '', 'Beni Wijaya, S.Pd.', 'Aktif', 'Wali Kelas 11 MIPA 3, Pembina Ekskul OSN'),
(2105, '', '1052759664200003', 'Budi Wisandi, S.Kom.', 'Aktif', 'Wali Kelas 11 MIPA 2, Pembina Ekskul IT'),
(2659, '', '8856760662200012', 'Ujang Sucipta, S.Pd.', 'Aktif', ''),
(6485, '', '', 'Tyta Gleis Dwiranti, S.Pd.', 'Aktif', ''),
(6762, '', '4447764665210142', 'Neng Sri Lidiawati, S.Pd.', 'Aktif', 'Wali Kelas 12 MIPA 7, Pembina Ekskul Tenis Meja / Bulu Tangkis'),
(9633, '196407111987031014', '4262742643200013', 'Dudin Syehabudin, S.Pd.,Bio', 'Aktif', 'Wk. Urusan Sarana'),
(14160, '', '3034761663300043', 'Rusmiati, S.Pd.', 'Aktif', 'Wali Kelas 10 MIPA 4'),
(14395, '', '8543758660300063', 'Novika Muhsinah, S.Pd.', 'Aktif', 'Wali Kelas 11 IIS 2'),
(16501, '198701102009022004', '9442765665300022', 'Eva Puspita Dewi, S.Pd.', 'Aktif', 'Wali Kelas 12 MIPA 3'),
(19033, '196510241989031002', '2356743646200033', 'Mumuh Muslihat, S.Pd.', 'Aktif', 'Staf. Wk. Urs. Kesiswaan'),
(19643, '196911051993011001', '7843747650200032', 'Iyep Budiman, S.Pd., M.M.Pd.', 'Aktif', 'Wk. Urusan Kurikulum'),
(21246, '197704152014101001', '0747755657200032', 'Iman Hilman, S.Pd.', 'Aktif', 'Wali Kelas 12 MIPA 5, Pembina Ekskul PMR'),
(21918, '197204102014101001', '3336750652200023', 'Asep Mulyadi, S.Psi', 'Aktif', 'Wali Kelas 12 IIS 3'),
(22397, '', '5458762665200003', 'Adendi Supriadi, S.Pd.', 'Aktif', 'Pembina Ekskul Bola Voli'),
(22708, '196111221980111001', '2454739639200003', 'Drs. Deden Zaenal Muttaqin, M.M.Pd.', 'Aktif', 'Wali Kelas 10 IIS 1, Pembina Ekskul Kerohanian'),
(22833, '', '0842760661300112', 'Nina, S.Pd.', 'Aktif', 'Wali Kelas 10 MIPA 1'),
(23510, '', '5453760661300062', 'Nurilah Farihah, S.Si.', 'Aktif', 'Wali Kelas 10 MIPA 5, Pembina Ekskul Kerohanian'),
(23902, '', '0640760661200032', 'Riana Indra Saputra, S.Pd.', 'Aktif', 'Wali Kelas 10 MIPA 3, Pembina Ekskul Bola Basket'),
(23997, '196710091991011002', '4242745648200053', 'Ee Darmawan, S.Pd. M.Si', 'Aktif', ''),
(26630, '', '1397626642000033', 'Pian Maulana, S.Sn.', 'Aktif', 'Pembina Ekskul Seni Musik'),
(27563, '', '', 'Asep Hilman, S.Pd.', 'Aktif', ''),
(27611, '', '', 'Andi Ruswandi, S.Pd.', 'Aktif', 'Pembina Ekskul Pramuka'),
(27674, '', '', 'Ahmad Saropudin Asalim, S.Pd.', 'Aktif', ''),
(28584, '', '', 'Gita Warieni, S.Pd.', 'Aktif', 'Wali Kelas 10 IIS 5'),
(31711, '196710142006041003', '6346745648200013', 'Deden Mulyadi, S.Pd.', 'Aktif', 'Koordinator Perpustakaan'),
(34549, '198108052008012005', '5840759660300092', 'Ade Irnayanti, S.Pd.', 'Aktif', 'Wali Kelas 12 IIS 2'),
(35393, '', '4448758660200033', 'Gusniawan Sastrawiguna, S.Pd.', 'Aktif', 'Wali Kelas 12 IIS 3, Pembina Ekskul Jurnalistik'),
(37500, '', '', 'Muhammad Sodik Solihin, S.Pd.', 'Aktif', 'Wali Kelas 10 IIS 2, Pembina Ekskul Sepak Bola'),
(41263, '', '5661760661300062', 'Mifa Marfiani, S.Pd.', 'Aktif', 'Wali Kelas Wali Kelas 11 IIS 4'),
(42882, '197505032007011009', '7637753655200022', 'Hardika, S.Pd', 'Aktif', 'Wk. Urusan Kesiswaan'),
(43390, '196304102006042002', '8336741642300033', 'Dra. Trinita Laksminingtan', 'Aktif', 'Wali Kelas 12 MIPA 2'),
(47331, '196712221997021001', '5544745647200063', 'Hermawan Karyani, S.Pd.', 'Aktif', 'Wali Kelas 12 MIPA 6'),
(48408, '', '', 'Indri Rindiana, S.Pd.', 'Aktif', ''),
(48736, '', '', 'Dian Suprianti, S.Pd.', 'Aktif', 'Wali Kelas 11 MIPA 4'),
(49774, '', '6547761661300012', 'Laesaria, S.Pd.', 'Aktif', 'Wali Kelas 10 IIS 4'),
(51452, '196202051986031012', '0834740642200082', 'Drs. Sahrudin', 'Aktif', 'Koordinator Keagamaan'),
(51677, '', '0842758660300082', 'Rani Sri Nurbayanti', 'Aktif', 'Wali Kelas 11 MIPA 5, Pembina Ekskul Pramuka'),
(51703, '196409011988032005', '4441742645300002', 'Erni Nurilah, S,Pd., M.M.Pd.', 'Aktif', 'Wk. Urusan Humas'),
(54159, '195908011983031016', '3440737639200042', 'Edi Yama, S.Pd., M.M.Pd.', 'Aktif', 'Kepala Sekolah'),
(63760, '197308142003122002', '7146751654300013', 'Ina Rahmawati, S.Pd.', 'Aktif', 'Staf. Wk. Urs. Kesiswaan'),
(66870, '196306221989031006', '5954741646200002', 'H. Muhammad Syafrudin, S.Pd.', 'Aktif', 'Koordinator Laboratorium'),
(68207, '', '', 'Deliar Rahman Firdaus, S.Pd.', 'Aktif', 'Wali Kelas 11 IIS 5'),
(71940, '197106272007012004', '2938751650300002', 'N. Inawati Islamiah, S.Pd.', 'Aktif', 'Wali Kelas 12 MIPA 1'),
(71975, '', '1747761662300092', 'Rima Nurkomala, S.S.', 'Aktif', 'Wali Kelas 11 IIS 1, Pembina Ekskul Paskibra'),
(75738, '196911102014112002', '3343747649300063', 'Rina Herlina', 'Aktif', 'Wali Kelas 10 MIPA 2, Pembina Ekskul Tata Busana'),
(80748, '', '', 'Sigit Ratulangi, S.Pd.', 'Aktif', 'Wali Kelas 10 IIS 3, Pembina Ekskul KIR'),
(81213, '', '', 'Pramesti Agustina, S.Pd.', 'Aktif', ''),
(84155, '196410141988032007', '8346742645300003', 'Beti Rohaeti, S.Pd', 'Aktif', 'Staf. Wk. Urs. Kurikulum'),
(84807, '198205032008011003', '5637760661200022', 'Dede Ginanjar, S.Pd.', 'Aktif', 'Staf. Wk. Urs. Kesiswaan'),
(85506, '197805192008012004', '8851756657300042', 'Mia Mayawati, S.Pd.I.', 'Aktif', 'Wali Kelas 12 IIS 1'),
(87804, '', '', 'Yopa Galih Triani, S.Pd.', 'Aktif', ''),
(88839, '196808161997022002', '6548746648300052', 'Tuti Kurniawati, S.Pd.', 'Aktif', 'Koordinator Bimbingan'),
(90844, '196708081994121002', '9140745647200053', 'Drs. Suherlan', 'Aktif', 'Wali Kelas 11 MIPA 1, Pembicara Ekskul English Club'),
(91339, '', '', 'Ihsan Darmawan, S.Hut.', 'Aktif', ''),
(91585, '197206071999031006', '2038750649200003', 'Deni Tardi Mawardi, S.Pd.', 'Aktif', 'Staf. Wk. Urs. Kurikulum'),
(94933, '198503202009021001', '4652763664110042', 'Fahrizal Awaludin, S.Pd.', 'Aktif', 'Wali Kelas 12 MIPA 4, Pembina Ekskul Seni Tari');

-- --------------------------------------------------------

--
-- Table structure for table `kelas`
--

CREATE TABLE IF NOT EXISTS `kelas` (
`kode_kelas` int(11) NOT NULL,
  `nama_kelas` varchar(15) NOT NULL,
  `tahun_ajaran` varchar(15) NOT NULL,
  `jumlah_siswa` int(5) DEFAULT '0',
  `id_guru` int(11) NOT NULL,
  `status_kelas` varchar(12) NOT NULL DEFAULT 'Aktif'
) ENGINE=InnoDB AUTO_INCREMENT=10 DEFAULT CHARSET=latin1;

--
-- Dumping data for table `kelas`
--

INSERT INTO `kelas` (`kode_kelas`, `nama_kelas`, `tahun_ajaran`, `jumlah_siswa`, `id_guru`, `status_kelas`) VALUES
(1, 'X MIPA 1', '2015/2016', 0, 84155, 'Aktif'),
(2, 'X MIPA 2', '2015/2016', 0, 84155, 'Aktif'),
(3, 'XI MIPA 3', '2015/2016', 40, 51452, 'Aktif'),
(4, 'XI MIPA 1', '2015/2016', 0, 84155, 'Aktif'),
(5, 'XI MIPA 2', '2015/2016', 0, 84155, 'Aktif'),
(6, 'X IIS 1', '2015/2016', 0, 84155, 'Aktif'),
(7, 'X IIS 2 ', '2015/2016', 0, 84155, 'Aktif'),
(8, 'XII IIS 1', '2015/2016', 0, 84155, 'Aktif'),
(9, 'XII IIS 2', '2015/2016', 0, 84155, 'Aktif');

-- --------------------------------------------------------

--
-- Table structure for table `mapel`
--

CREATE TABLE IF NOT EXISTS `mapel` (
  `kode_mapel` varchar(6) NOT NULL,
  `mata_pelajaran` varchar(50) NOT NULL,
  `kategori_mapel` varchar(11) NOT NULL,
  `jam_pelajaran` int(5) DEFAULT '0',
  `jumlah_jp` int(5) DEFAULT '0',
  `status_mapel` varchar(12) NOT NULL DEFAULT 'Aktif'
) ENGINE=InnoDB DEFAULT CHARSET=latin1;

--
-- Dumping data for table `mapel`
--

INSERT INTO `mapel` (`kode_mapel`, `mata_pelajaran`, `kategori_mapel`, `jam_pelajaran`, `jumlah_jp`, `status_mapel`) VALUES
('ANT', 'Antropologi', 'Kelompok C', 4, 0, 'Aktif'),
('BASN', 'Bahasa Asing Lain', 'Kelompok C', 3, 0, 'Aktif'),
('BIND', 'Bahasa Indonesia', 'Kelompok A', 4, 0, 'Aktif'),
('BING', 'Bahasa Inggris', 'Kelompok A', 2, 0, 'Aktif'),
('BIO', 'Biologi', 'Kelompok C', 4, 0, 'Aktif'),
('BK', 'Bimbingan Konseling', 'Kelompok C', 4, 0, 'Aktif'),
('BSARB', 'Bahasa dan Sastra Arab', 'Kelompok C', 4, 0, 'Aktif'),
('BSIND', 'Bhasa dan Sastra Indonesia', 'Kelompok C', 3, 0, 'Aktif'),
('BSING', 'Bahasa dan Sastra Inggris', 'Kelompok C', 3, 0, 'Aktif'),
('BSND', 'Bahasa Sunda', 'Kelompok B', 2, 0, 'Aktif'),
('EKO', 'Ekonomi', 'Kelompok C', 4, 0, 'Aktif'),
('FIS', 'Fisika', 'Kelompok C', 4, 0, 'Aktif'),
('GEO', 'Geografi', 'Kelompok C', 4, 0, 'Aktif'),
('KIM', 'Kimia', 'Kelompok C', 4, 0, 'Aktif'),
('MATA', 'Matematika', 'Kelompok A', 4, 0, 'Aktif'),
('MATC', 'Matematika', 'Kelompok C', 4, 0, 'Aktif'),
('OR', 'Pendidikan Jasmani, Olahraga, dan Kesehatan', 'Kelompok B', 3, 0, 'Aktif'),
('PAI', 'Pendidikan Agama dan Budi Pekerti', 'Kelompok A', 3, 0, 'Aktif'),
('PK', 'Prakarya dan Kewirausahaan', 'Kelompok B', 2, 0, 'Aktif'),
('PKN', 'Pendidikan Pancasila dan Kewarganegaraan', 'Kelompok A', 2, 0, 'Aktif'),
('SB', 'Seni Budaya', 'Kelompok B', 2, 0, 'Aktif'),
('SEJA', 'Sejarah Indonesia', 'Kelompok A', 3, 0, 'Aktif'),
('SEJC', 'Sejarah', 'Kelompok C', 4, 0, 'Aktif'),
('SOS', 'Sosiologi', 'Kelompok C', 4, 0, 'Aktif');

-- --------------------------------------------------------

--
-- Table structure for table `nilai`
--

CREATE TABLE IF NOT EXISTS `nilai` (
`id_nilai` int(11) NOT NULL,
  `nis_siswa` varchar(13) NOT NULL,
  `kode_kelas` int(11) NOT NULL,
  `kode_mapel` varchar(6) NOT NULL,
  `kode_semester` varchar(6) NOT NULL,
  `p_skala` int(11) NOT NULL DEFAULT '0',
  `p_ang` float NOT NULL DEFAULT '0',
  `p_pred` varchar(4) NOT NULL DEFAULT '',
  `p_desk` longtext NOT NULL,
  `k_skala` int(11) NOT NULL DEFAULT '0',
  `k_ang` float NOT NULL DEFAULT '0',
  `k_pred` varchar(4) NOT NULL DEFAULT '',
  `k_desk` longtext NOT NULL,
  `s_skala` int(11) NOT NULL DEFAULT '0',
  `s_sikap` varchar(4) NOT NULL DEFAULT '',
  `s_desk` longtext NOT NULL
) ENGINE=InnoDB AUTO_INCREMENT=684 DEFAULT CHARSET=latin1;

--
-- Dumping data for table `nilai`
--

INSERT INTO `nilai` (`id_nilai`, `nis_siswa`, `kode_kelas`, `kode_mapel`, `kode_semester`, `p_skala`, `p_ang`, `p_pred`, `p_desk`, `k_skala`, `k_ang`, `k_pred`, `k_desk`, `s_skala`, `s_sikap`, `s_desk`) VALUES
(84, '1314.10.006', 3, 'BIND', 'SMT1', 89, 3.56, 'A-', 'A', 78, 3.12, 'B', 'A', 85, 'SB', 'A'),
(85, '1314.10.020', 3, 'BIND', 'SMT1', 9, 0.36, 'D', '', 20, 0.8, 'D', 'B', 0, '', 'A'),
(86, '1314.10.026', 3, 'BIND', 'SMT1', 10, 0.4, 'D', '', 30, 1.2, 'D', '', 0, '', 'A'),
(87, '1314.10.044', 3, 'BIND', 'SMT1', 4, 0.16, 'D', 'T', 30, 1.2, 'D', '', 0, '', 's'),
(88, '1314.10.050', 3, 'BIND', 'SMT1', 5, 0.2, 'D', 'T', 30, 1.2, 'D', '', 0, '', 's'),
(89, '1314.10.057', 3, 'BIND', 'SMT1', 6, 0.24, 'D', 'B', 30, 1.2, 'D', '', 0, '', 'A'),
(90, '1314.10.072', 3, 'BIND', 'SMT1', 7, 0.28, 'D', 'B', 56, 2.24, 'C', '', 0, '', 'A'),
(91, '1314.10.076', 3, 'BIND', 'SMT1', 8, 0.32, 'D', 'T', 80, 3.2, 'B', '', 0, '', 'T'),
(92, '1314.10.099', 3, 'BIND', 'SMT1', 9, 0.36, 'D', 'B', 80, 3.2, 'B', '', 0, '', 'B'),
(93, '1314.10.102', 3, 'BIND', 'SMT1', 10, 0.4, 'D', 'A', 64, 2.56, 'B', 'A', 0, '', 'g'),
(94, '1314.10.121', 3, 'BIND', 'SMT1', 11, 0.44, 'D', 'A', 43, 1.72, 'C', 'A', 0, '', 'g'),
(95, '1314.10.128', 3, 'BIND', 'SMT1', 12, 0.48, 'D', 'A', 5, 0.2, 'D', 'A', 0, '', 'f'),
(96, '1314.10.136', 3, 'BIND', 'SMT1', 13, 0.52, 'D', 'A', 65, 2.6, 'B', 'A', 0, '', ''),
(97, '1314.10.150', 3, 'BIND', 'SMT1', 14, 0.56, 'D', '', 76, 3.04, 'B', '', 0, '', ''),
(98, '1314.10.153', 3, 'BIND', 'SMT1', 15, 0.6, 'D', '', 90, 3.6, 'A', '', 0, '', ''),
(99, '1314.10.168', 3, 'BIND', 'SMT1', 16, 0.64, 'D', '', 99, 3.96, 'A', '', 0, '', ''),
(100, '1314.10.171', 3, 'BIND', 'SMT1', 17, 0.68, 'D', '', 100, 4, 'A', '', 0, '', ''),
(101, '1314.10.190', 3, 'BIND', 'SMT1', 18, 0.72, 'D', '', 45, 1.8, 'C', '', 0, '', ''),
(102, '1314.10.202', 3, 'BIND', 'SMT1', 18, 0.72, 'D', '', 34, 1.36, 'D', '', 0, '', ''),
(103, '1314.10.203', 3, 'BIND', 'SMT1', 19, 0.76, 'D', '', 35, 1.4, 'D', '', 0, '', ''),
(104, '1314.10.210', 3, 'BIND', 'SMT1', 20, 0.8, 'D', '', 56, 2.24, 'C', '', 0, '', ''),
(105, '1314.10.224', 3, 'BIND', 'SMT1', 21, 0.84, 'D', '', 45, 1.8, 'C', '', 0, '', ''),
(106, '1314.10.235', 3, 'BIND', 'SMT1', 22, 0.88, 'D', '', 56, 2.24, 'C', '', 0, '', ''),
(107, '1314.10.241', 3, 'BIND', 'SMT1', 23, 0.92, 'D', '', 54, 2.16, 'C', '', 0, '', ''),
(108, '1314.10.258', 3, 'BIND', 'SMT1', 24, 0.96, 'D', '', 43, 1.72, 'C', '', 0, '', ''),
(109, '1314.10.262', 3, 'BIND', 'SMT1', 25, 1, 'D', '', 67, 2.68, 'B', '', 0, '', ''),
(110, '1314.10.271', 3, 'BIND', 'SMT1', 26, 1.04, 'D', '', 87, 3.48, 'B', '', 0, '', ''),
(111, '1314.10.279', 3, 'BIND', 'SMT1', 27, 1.08, 'D', '', 67, 2.68, 'B', '', 0, '', ''),
(112, '1314.10.293', 3, 'BIND', 'SMT1', 28, 1.12, 'D', '', 65, 2.6, 'B', '', 0, '', ''),
(113, '1314.10.294', 3, 'BIND', 'SMT1', 29, 1.16, 'D', '', 45, 1.8, 'C', '', 0, '', ''),
(114, '1314.10.314', 3, 'BIND', 'SMT1', 30, 1.2, 'D', '', 43, 1.72, 'C', '', 0, '', ''),
(115, '1314.10.322', 3, 'BIND', 'SMT1', 31, 1.24, 'D', '', 65, 2.6, 'B', '', 0, '', ''),
(116, '1314.10.324', 3, 'BIND', 'SMT1', 32, 1.28, 'D', '', 78, 3.12, 'B', '', 0, '', ''),
(117, '1314.10.344', 3, 'BIND', 'SMT1', 40, 1.6, 'C', '', 78, 3.12, 'B', '', 0, '', ''),
(118, '1314.10.352', 3, 'BIND', 'SMT1', 41, 1.64, 'C', '', 76, 3.04, 'B', '', 0, '', ''),
(119, '1314.10.364', 3, 'BIND', 'SMT1', 50, 2, 'C', '', 45, 1.8, 'C', '', 0, '', ''),
(120, '1314.10.381', 3, 'BIND', 'SMT1', 51, 2.04, 'C', '', 45, 1.8, 'C', '', 0, '', ''),
(121, '1314.10.392', 3, 'BIND', 'SMT1', 52, 2.08, 'C', '', 65, 2.6, 'B', '', 0, '', ''),
(122, '1314.10.396', 3, 'BIND', 'SMT1', 53, 2.12, 'C', '', 98, 3.92, 'A', '', 0, '', ''),
(123, '1314.10.405', 3, 'BIND', 'SMT1', 54, 2.16, 'C', '', 99, 3.96, 'A', '', 0, '', ''),
(124, '1314.10.006', 3, 'BING', 'SMT1', 89, 3.56, 'A-', 'A', 65, 2.6, 'B-', 'T', 100, 'SB', 'A'),
(125, '1314.10.020', 3, 'BING', 'SMT1', 20, 0.8, 'D', '', 20, 0.8, 'D', '', 3, 'K', 's'),
(126, '1314.10.026', 3, 'BING', 'SMT1', 10, 0.4, 'D', '', 30, 1.2, 'D', '', 30, 'C', 's'),
(127, '1314.10.044', 3, 'BING', 'SMT1', 100, 4, 'A', '', 40, 1.6, 'C', '', 1, 'K', 's'),
(128, '1314.10.050', 3, 'BING', 'SMT1', 9, 0.36, 'D', '', 50, 2, 'C', '', 20, 'K', 's'),
(129, '1314.10.057', 3, 'BING', 'SMT1', 90, 3.6, 'A', '', 0, 0, 'D', '', 60, 'B', 's'),
(130, '1314.10.072', 3, 'BING', 'SMT1', 80, 3.2, 'B', '', 0, 0, '', '', 12, 'K', ''),
(131, '1314.10.076', 3, 'BING', 'SMT1', 0, 0, 'D', '', 0, 0, '', '', 10, 'K', ''),
(132, '1314.10.099', 3, 'BING', 'SMT1', 0, 0, 'D', '', 0, 0, '', '', 20, 'K', ''),
(133, '1314.10.102', 3, 'BING', 'SMT1', 0, 0, 'D', '', 0, 0, '', '', 30, 'C', ''),
(134, '1314.10.121', 3, 'BING', 'SMT1', 0, 0, '', '', 0, 0, '', '', 40, 'C', ''),
(135, '1314.10.128', 3, 'BING', 'SMT1', 0, 0, '', '', 0, 0, '', '', 50, 'C', ''),
(136, '1314.10.136', 3, 'BING', 'SMT1', 0, 0, '', '', 0, 0, '', '', 60, 'B', ''),
(137, '1314.10.150', 3, 'BING', 'SMT1', 0, 0, '', '', 0, 0, '', '', 70, 'B', ''),
(138, '1314.10.153', 3, 'BING', 'SMT1', 0, 0, '', '', 0, 0, '', '', 80, 'S', ''),
(139, '1314.10.168', 3, 'BING', 'SMT1', 0, 0, '', '', 0, 0, '', '', 80, 'S', ''),
(140, '1314.10.171', 3, 'BING', 'SMT1', 0, 0, '', '', 0, 0, '', '', 80, 'S', ''),
(141, '1314.10.190', 3, 'BING', 'SMT1', 0, 0, '', '', 0, 0, '', '', 80, 'S', ''),
(142, '1314.10.202', 3, 'BING', 'SMT1', 0, 0, '', '', 0, 0, '', '', 90, 'S', ''),
(143, '1314.10.203', 3, 'BING', 'SMT1', 0, 0, '', '', 0, 0, '', '', 100, 'S', ''),
(144, '1314.10.210', 3, 'BING', 'SMT1', 0, 0, '', '', 0, 0, '', '', 0, '', ''),
(145, '1314.10.224', 3, 'BING', 'SMT1', 0, 0, '', '', 0, 0, '', '', 0, '', ''),
(146, '1314.10.235', 3, 'BING', 'SMT1', 0, 0, '', '', 0, 0, '', '', 0, '', ''),
(147, '1314.10.241', 3, 'BING', 'SMT1', 0, 0, '', '', 0, 0, '', '', 0, '', ''),
(148, '1314.10.258', 3, 'BING', 'SMT1', 0, 0, '', '', 0, 0, '', '', 0, '', ''),
(149, '1314.10.262', 3, 'BING', 'SMT1', 0, 0, '', '', 0, 0, '', '', 0, '', ''),
(150, '1314.10.271', 3, 'BING', 'SMT1', 0, 0, '', '', 0, 0, '', '', 0, '', ''),
(151, '1314.10.279', 3, 'BING', 'SMT1', 0, 0, '', '', 0, 0, '', '', 0, '', ''),
(152, '1314.10.293', 3, 'BING', 'SMT1', 0, 0, '', '', 0, 0, '', '', 0, '', ''),
(153, '1314.10.294', 3, 'BING', 'SMT1', 0, 0, '', '', 0, 0, '', '', 0, '', ''),
(154, '1314.10.314', 3, 'BING', 'SMT1', 0, 0, '', '', 0, 0, '', '', 0, '', ''),
(155, '1314.10.322', 3, 'BING', 'SMT1', 0, 0, '', '', 0, 0, '', '', 0, '', ''),
(156, '1314.10.324', 3, 'BING', 'SMT1', 0, 0, '', '', 0, 0, '', '', 0, '', ''),
(157, '1314.10.344', 3, 'BING', 'SMT1', 0, 0, '', '', 0, 0, '', '', 0, '', ''),
(158, '1314.10.352', 3, 'BING', 'SMT1', 0, 0, '', '', 0, 0, '', '', 0, '', ''),
(159, '1314.10.364', 3, 'BING', 'SMT1', 0, 0, '', '', 0, 0, '', '', 0, '', ''),
(160, '1314.10.381', 3, 'BING', 'SMT1', 0, 0, '', '', 0, 0, '', '', 0, '', ''),
(161, '1314.10.392', 3, 'BING', 'SMT1', 0, 0, '', '', 0, 0, '', '', 0, '', ''),
(162, '1314.10.396', 3, 'BING', 'SMT1', 0, 0, '', '', 0, 0, '', '', 0, '', ''),
(163, '1314.10.405', 3, 'BING', 'SMT1', 0, 0, '', '', 0, 0, '', '', 0, '', ''),
(164, '1314.10.006', 3, 'BIO', 'SMT1', 67, 2.68, 'B-', 'B', 89, 3.56, 'A-', 'T', 76, 'SB', 'A'),
(165, '1314.10.020', 3, 'BIO', 'SMT1', 0, 0, '', '', 0, 0, '', '', 0, '', ''),
(166, '1314.10.026', 3, 'BIO', 'SMT1', 0, 0, '', '', 0, 0, '', '', 0, '', ''),
(167, '1314.10.044', 3, 'BIO', 'SMT1', 0, 0, '', '', 0, 0, '', '', 0, '', ''),
(168, '1314.10.050', 3, 'BIO', 'SMT1', 0, 0, '', '', 0, 0, '', '', 0, '', ''),
(169, '1314.10.057', 3, 'BIO', 'SMT1', 0, 0, '', '', 0, 0, '', '', 0, '', ''),
(170, '1314.10.072', 3, 'BIO', 'SMT1', 0, 0, '', '', 0, 0, '', '', 0, '', ''),
(171, '1314.10.076', 3, 'BIO', 'SMT1', 0, 0, '', '', 0, 0, '', '', 0, '', ''),
(172, '1314.10.099', 3, 'BIO', 'SMT1', 0, 0, '', '', 0, 0, '', '', 0, '', ''),
(173, '1314.10.102', 3, 'BIO', 'SMT1', 0, 0, '', '', 0, 0, '', '', 0, '', ''),
(174, '1314.10.121', 3, 'BIO', 'SMT1', 0, 0, '', '', 0, 0, '', '', 0, '', ''),
(175, '1314.10.128', 3, 'BIO', 'SMT1', 0, 0, '', '', 0, 0, '', '', 0, '', ''),
(176, '1314.10.136', 3, 'BIO', 'SMT1', 0, 0, '', '', 0, 0, '', '', 0, '', ''),
(177, '1314.10.150', 3, 'BIO', 'SMT1', 0, 0, '', '', 0, 0, '', '', 0, '', ''),
(178, '1314.10.153', 3, 'BIO', 'SMT1', 0, 0, '', '', 0, 0, '', '', 0, '', ''),
(179, '1314.10.168', 3, 'BIO', 'SMT1', 0, 0, '', '', 0, 0, '', '', 0, '', ''),
(180, '1314.10.171', 3, 'BIO', 'SMT1', 0, 0, '', '', 0, 0, '', '', 0, '', ''),
(181, '1314.10.190', 3, 'BIO', 'SMT1', 0, 0, '', '', 0, 0, '', '', 0, '', ''),
(182, '1314.10.202', 3, 'BIO', 'SMT1', 0, 0, '', '', 0, 0, '', '', 0, '', ''),
(183, '1314.10.203', 3, 'BIO', 'SMT1', 0, 0, '', '', 0, 0, '', '', 0, '', ''),
(184, '1314.10.210', 3, 'BIO', 'SMT1', 0, 0, '', '', 0, 0, '', '', 0, '', ''),
(185, '1314.10.224', 3, 'BIO', 'SMT1', 0, 0, '', '', 0, 0, '', '', 0, '', ''),
(186, '1314.10.235', 3, 'BIO', 'SMT1', 0, 0, '', '', 0, 0, '', '', 0, '', ''),
(187, '1314.10.241', 3, 'BIO', 'SMT1', 0, 0, '', '', 0, 0, '', '', 0, '', ''),
(188, '1314.10.258', 3, 'BIO', 'SMT1', 0, 0, '', '', 0, 0, '', '', 0, '', ''),
(189, '1314.10.262', 3, 'BIO', 'SMT1', 0, 0, '', '', 0, 0, '', '', 0, '', ''),
(190, '1314.10.271', 3, 'BIO', 'SMT1', 0, 0, '', '', 0, 0, '', '', 0, '', ''),
(191, '1314.10.279', 3, 'BIO', 'SMT1', 0, 0, '', '', 0, 0, '', '', 0, '', ''),
(192, '1314.10.293', 3, 'BIO', 'SMT1', 0, 0, '', '', 0, 0, '', '', 0, '', ''),
(193, '1314.10.294', 3, 'BIO', 'SMT1', 0, 0, '', '', 0, 0, '', '', 0, '', ''),
(194, '1314.10.314', 3, 'BIO', 'SMT1', 0, 0, '', '', 0, 0, '', '', 0, '', ''),
(195, '1314.10.322', 3, 'BIO', 'SMT1', 0, 0, '', '', 0, 0, '', '', 0, '', ''),
(196, '1314.10.324', 3, 'BIO', 'SMT1', 0, 0, '', '', 0, 0, '', '', 0, '', ''),
(197, '1314.10.344', 3, 'BIO', 'SMT1', 0, 0, '', '', 0, 0, '', '', 0, '', ''),
(198, '1314.10.352', 3, 'BIO', 'SMT1', 0, 0, '', '', 0, 0, '', '', 0, '', ''),
(199, '1314.10.364', 3, 'BIO', 'SMT1', 0, 0, '', '', 0, 0, '', '', 0, '', ''),
(200, '1314.10.381', 3, 'BIO', 'SMT1', 0, 0, '', '', 0, 0, '', '', 0, '', ''),
(201, '1314.10.392', 3, 'BIO', 'SMT1', 0, 0, '', '', 0, 0, '', '', 0, '', ''),
(202, '1314.10.396', 3, 'BIO', 'SMT1', 0, 0, '', '', 0, 0, '', '', 0, '', ''),
(203, '1314.10.405', 3, 'BIO', 'SMT1', 0, 0, '', '', 0, 0, '', '', 0, '', ''),
(204, '1314.10.006', 3, 'BSND', 'SMT1', 87, 3.48, 'B+', 'T', 100, 4, 'A', 'A', 87, 'SB', 'T'),
(205, '1314.10.020', 3, 'BSND', 'SMT1', 0, 0, '', '', 0, 0, '', '', 0, '', ''),
(206, '1314.10.026', 3, 'BSND', 'SMT1', 0, 0, '', '', 0, 0, '', '', 0, '', ''),
(207, '1314.10.044', 3, 'BSND', 'SMT1', 0, 0, '', '', 0, 0, '', '', 0, '', ''),
(208, '1314.10.050', 3, 'BSND', 'SMT1', 0, 0, '', '', 0, 0, '', '', 0, '', ''),
(209, '1314.10.057', 3, 'BSND', 'SMT1', 0, 0, '', '', 0, 0, '', '', 0, '', ''),
(210, '1314.10.072', 3, 'BSND', 'SMT1', 0, 0, '', '', 0, 0, '', '', 0, '', ''),
(211, '1314.10.076', 3, 'BSND', 'SMT1', 0, 0, '', '', 0, 0, '', '', 0, '', ''),
(212, '1314.10.099', 3, 'BSND', 'SMT1', 0, 0, '', '', 0, 0, '', '', 0, '', ''),
(213, '1314.10.102', 3, 'BSND', 'SMT1', 0, 0, '', '', 0, 0, '', '', 0, '', ''),
(214, '1314.10.121', 3, 'BSND', 'SMT1', 0, 0, '', '', 0, 0, '', '', 0, '', ''),
(215, '1314.10.128', 3, 'BSND', 'SMT1', 0, 0, '', '', 0, 0, '', '', 0, '', ''),
(216, '1314.10.136', 3, 'BSND', 'SMT1', 0, 0, '', '', 0, 0, '', '', 0, '', ''),
(217, '1314.10.150', 3, 'BSND', 'SMT1', 0, 0, '', '', 0, 0, '', '', 0, '', ''),
(218, '1314.10.153', 3, 'BSND', 'SMT1', 0, 0, '', '', 0, 0, '', '', 0, '', ''),
(219, '1314.10.168', 3, 'BSND', 'SMT1', 0, 0, '', '', 0, 0, '', '', 0, '', ''),
(220, '1314.10.171', 3, 'BSND', 'SMT1', 0, 0, '', '', 0, 0, '', '', 0, '', ''),
(221, '1314.10.190', 3, 'BSND', 'SMT1', 0, 0, '', '', 0, 0, '', '', 0, '', ''),
(222, '1314.10.202', 3, 'BSND', 'SMT1', 0, 0, '', '', 0, 0, '', '', 0, '', ''),
(223, '1314.10.203', 3, 'BSND', 'SMT1', 0, 0, '', '', 0, 0, '', '', 0, '', ''),
(224, '1314.10.210', 3, 'BSND', 'SMT1', 0, 0, '', '', 0, 0, '', '', 0, '', ''),
(225, '1314.10.224', 3, 'BSND', 'SMT1', 0, 0, '', '', 0, 0, '', '', 0, '', ''),
(226, '1314.10.235', 3, 'BSND', 'SMT1', 0, 0, '', '', 0, 0, '', '', 0, '', ''),
(227, '1314.10.241', 3, 'BSND', 'SMT1', 0, 0, '', '', 0, 0, '', '', 0, '', ''),
(228, '1314.10.258', 3, 'BSND', 'SMT1', 0, 0, '', '', 0, 0, '', '', 0, '', ''),
(229, '1314.10.262', 3, 'BSND', 'SMT1', 0, 0, '', '', 0, 0, '', '', 0, '', ''),
(230, '1314.10.271', 3, 'BSND', 'SMT1', 0, 0, '', '', 0, 0, '', '', 0, '', ''),
(231, '1314.10.279', 3, 'BSND', 'SMT1', 0, 0, '', '', 0, 0, '', '', 0, '', ''),
(232, '1314.10.293', 3, 'BSND', 'SMT1', 0, 0, '', '', 0, 0, '', '', 0, '', ''),
(233, '1314.10.294', 3, 'BSND', 'SMT1', 0, 0, '', '', 0, 0, '', '', 0, '', ''),
(234, '1314.10.314', 3, 'BSND', 'SMT1', 0, 0, '', '', 0, 0, '', '', 0, '', ''),
(235, '1314.10.322', 3, 'BSND', 'SMT1', 0, 0, '', '', 0, 0, '', '', 0, '', ''),
(236, '1314.10.324', 3, 'BSND', 'SMT1', 0, 0, '', '', 0, 0, '', '', 0, '', ''),
(237, '1314.10.344', 3, 'BSND', 'SMT1', 0, 0, '', '', 0, 0, '', '', 0, '', ''),
(238, '1314.10.352', 3, 'BSND', 'SMT1', 0, 0, '', '', 0, 0, '', '', 0, '', ''),
(239, '1314.10.364', 3, 'BSND', 'SMT1', 0, 0, '', '', 0, 0, '', '', 0, '', ''),
(240, '1314.10.381', 3, 'BSND', 'SMT1', 0, 0, '', '', 0, 0, '', '', 0, '', ''),
(241, '1314.10.392', 3, 'BSND', 'SMT1', 0, 0, '', '', 0, 0, '', '', 0, '', ''),
(242, '1314.10.396', 3, 'BSND', 'SMT1', 0, 0, '', '', 0, 0, '', '', 0, '', ''),
(243, '1314.10.405', 3, 'BSND', 'SMT1', 0, 0, '', '', 0, 0, '', '', 0, '', ''),
(244, '1314.10.006', 3, 'EKO', 'SMT1', 87, 3.48, 'B+', 'T', 87, 3.48, 'B+', 'T', 67, 'B', 'T'),
(245, '1314.10.020', 3, 'EKO', 'SMT1', 0, 0, '', '', 0, 0, '', '', 0, '', ''),
(246, '1314.10.026', 3, 'EKO', 'SMT1', 0, 0, '', '', 0, 0, '', '', 0, '', ''),
(247, '1314.10.044', 3, 'EKO', 'SMT1', 0, 0, '', '', 0, 0, '', '', 0, '', ''),
(248, '1314.10.050', 3, 'EKO', 'SMT1', 0, 0, '', '', 0, 0, '', '', 0, '', ''),
(249, '1314.10.057', 3, 'EKO', 'SMT1', 0, 0, '', '', 0, 0, '', '', 0, '', ''),
(250, '1314.10.072', 3, 'EKO', 'SMT1', 0, 0, '', '', 0, 0, '', '', 0, '', ''),
(251, '1314.10.076', 3, 'EKO', 'SMT1', 0, 0, '', '', 0, 0, '', '', 0, '', ''),
(252, '1314.10.099', 3, 'EKO', 'SMT1', 0, 0, '', '', 0, 0, '', '', 0, '', ''),
(253, '1314.10.102', 3, 'EKO', 'SMT1', 0, 0, '', '', 0, 0, '', '', 0, '', ''),
(254, '1314.10.121', 3, 'EKO', 'SMT1', 0, 0, '', '', 0, 0, '', '', 0, '', ''),
(255, '1314.10.128', 3, 'EKO', 'SMT1', 0, 0, '', '', 0, 0, '', '', 0, '', ''),
(256, '1314.10.136', 3, 'EKO', 'SMT1', 0, 0, '', '', 0, 0, '', '', 0, '', ''),
(257, '1314.10.150', 3, 'EKO', 'SMT1', 0, 0, '', '', 0, 0, '', '', 0, '', ''),
(258, '1314.10.153', 3, 'EKO', 'SMT1', 0, 0, '', '', 0, 0, '', '', 0, '', ''),
(259, '1314.10.168', 3, 'EKO', 'SMT1', 0, 0, '', '', 0, 0, '', '', 0, '', ''),
(260, '1314.10.171', 3, 'EKO', 'SMT1', 0, 0, '', '', 0, 0, '', '', 0, '', ''),
(261, '1314.10.190', 3, 'EKO', 'SMT1', 0, 0, '', '', 0, 0, '', '', 0, '', ''),
(262, '1314.10.202', 3, 'EKO', 'SMT1', 0, 0, '', '', 0, 0, '', '', 0, '', ''),
(263, '1314.10.203', 3, 'EKO', 'SMT1', 0, 0, '', '', 0, 0, '', '', 0, '', ''),
(264, '1314.10.210', 3, 'EKO', 'SMT1', 0, 0, '', '', 0, 0, '', '', 0, '', ''),
(265, '1314.10.224', 3, 'EKO', 'SMT1', 0, 0, '', '', 0, 0, '', '', 0, '', ''),
(266, '1314.10.235', 3, 'EKO', 'SMT1', 0, 0, '', '', 0, 0, '', '', 0, '', ''),
(267, '1314.10.241', 3, 'EKO', 'SMT1', 0, 0, '', '', 0, 0, '', '', 0, '', ''),
(268, '1314.10.258', 3, 'EKO', 'SMT1', 0, 0, '', '', 0, 0, '', '', 0, '', ''),
(269, '1314.10.262', 3, 'EKO', 'SMT1', 0, 0, '', '', 0, 0, '', '', 0, '', ''),
(270, '1314.10.271', 3, 'EKO', 'SMT1', 0, 0, '', '', 0, 0, '', '', 0, '', ''),
(271, '1314.10.279', 3, 'EKO', 'SMT1', 0, 0, '', '', 0, 0, '', '', 0, '', ''),
(272, '1314.10.293', 3, 'EKO', 'SMT1', 0, 0, '', '', 0, 0, '', '', 0, '', ''),
(273, '1314.10.294', 3, 'EKO', 'SMT1', 0, 0, '', '', 0, 0, '', '', 0, '', ''),
(274, '1314.10.314', 3, 'EKO', 'SMT1', 0, 0, '', '', 0, 0, '', '', 0, '', ''),
(275, '1314.10.322', 3, 'EKO', 'SMT1', 0, 0, '', '', 0, 0, '', '', 0, '', ''),
(276, '1314.10.324', 3, 'EKO', 'SMT1', 0, 0, '', '', 0, 0, '', '', 0, '', ''),
(277, '1314.10.344', 3, 'EKO', 'SMT1', 0, 0, '', '', 0, 0, '', '', 0, '', ''),
(278, '1314.10.352', 3, 'EKO', 'SMT1', 0, 0, '', '', 0, 0, '', '', 0, '', ''),
(279, '1314.10.364', 3, 'EKO', 'SMT1', 0, 0, '', '', 0, 0, '', '', 0, '', ''),
(280, '1314.10.381', 3, 'EKO', 'SMT1', 0, 0, '', '', 0, 0, '', '', 0, '', ''),
(281, '1314.10.392', 3, 'EKO', 'SMT1', 0, 0, '', '', 0, 0, '', '', 0, '', ''),
(282, '1314.10.396', 3, 'EKO', 'SMT1', 0, 0, '', '', 0, 0, '', '', 0, '', ''),
(283, '1314.10.405', 3, 'EKO', 'SMT1', 0, 0, '', '', 0, 0, '', '', 0, '', ''),
(284, '1314.10.006', 3, 'FIS', 'SMT1', 87, 3.48, 'B+', 'T', 65, 2.6, 'B-', 'B', 88, 'SB', 'A'),
(285, '1314.10.020', 3, 'FIS', 'SMT1', 0, 0, '', '', 0, 0, '', '', 0, '', ''),
(286, '1314.10.026', 3, 'FIS', 'SMT1', 0, 0, '', '', 0, 0, '', '', 0, '', ''),
(287, '1314.10.044', 3, 'FIS', 'SMT1', 0, 0, '', '', 0, 0, '', '', 0, '', ''),
(288, '1314.10.050', 3, 'FIS', 'SMT1', 0, 0, '', '', 0, 0, '', '', 0, '', ''),
(289, '1314.10.057', 3, 'FIS', 'SMT1', 0, 0, '', '', 0, 0, '', '', 0, '', ''),
(290, '1314.10.072', 3, 'FIS', 'SMT1', 0, 0, '', '', 0, 0, '', '', 0, '', ''),
(291, '1314.10.076', 3, 'FIS', 'SMT1', 0, 0, '', '', 0, 0, '', '', 0, '', ''),
(292, '1314.10.099', 3, 'FIS', 'SMT1', 0, 0, '', '', 0, 0, '', '', 0, '', ''),
(293, '1314.10.102', 3, 'FIS', 'SMT1', 0, 0, '', '', 0, 0, '', '', 0, '', ''),
(294, '1314.10.121', 3, 'FIS', 'SMT1', 0, 0, '', '', 0, 0, '', '', 0, '', ''),
(295, '1314.10.128', 3, 'FIS', 'SMT1', 0, 0, '', '', 0, 0, '', '', 0, '', ''),
(296, '1314.10.136', 3, 'FIS', 'SMT1', 0, 0, '', '', 0, 0, '', '', 0, '', ''),
(297, '1314.10.150', 3, 'FIS', 'SMT1', 0, 0, '', '', 0, 0, '', '', 0, '', ''),
(298, '1314.10.153', 3, 'FIS', 'SMT1', 0, 0, '', '', 0, 0, '', '', 0, '', ''),
(299, '1314.10.168', 3, 'FIS', 'SMT1', 0, 0, '', '', 0, 0, '', '', 0, '', ''),
(300, '1314.10.171', 3, 'FIS', 'SMT1', 0, 0, '', '', 0, 0, '', '', 0, '', ''),
(301, '1314.10.190', 3, 'FIS', 'SMT1', 0, 0, '', '', 0, 0, '', '', 0, '', ''),
(302, '1314.10.202', 3, 'FIS', 'SMT1', 0, 0, '', '', 0, 0, '', '', 0, '', ''),
(303, '1314.10.203', 3, 'FIS', 'SMT1', 0, 0, '', '', 0, 0, '', '', 0, '', ''),
(304, '1314.10.210', 3, 'FIS', 'SMT1', 0, 0, '', '', 0, 0, '', '', 0, '', ''),
(305, '1314.10.224', 3, 'FIS', 'SMT1', 0, 0, '', '', 0, 0, '', '', 0, '', ''),
(306, '1314.10.235', 3, 'FIS', 'SMT1', 0, 0, '', '', 0, 0, '', '', 0, '', ''),
(307, '1314.10.241', 3, 'FIS', 'SMT1', 0, 0, '', '', 0, 0, '', '', 0, '', ''),
(308, '1314.10.258', 3, 'FIS', 'SMT1', 0, 0, '', '', 0, 0, '', '', 0, '', ''),
(309, '1314.10.262', 3, 'FIS', 'SMT1', 0, 0, '', '', 0, 0, '', '', 0, '', ''),
(310, '1314.10.271', 3, 'FIS', 'SMT1', 0, 0, '', '', 0, 0, '', '', 0, '', ''),
(311, '1314.10.279', 3, 'FIS', 'SMT1', 0, 0, '', '', 0, 0, '', '', 0, '', ''),
(312, '1314.10.293', 3, 'FIS', 'SMT1', 0, 0, '', '', 0, 0, '', '', 0, '', ''),
(313, '1314.10.294', 3, 'FIS', 'SMT1', 0, 0, '', '', 0, 0, '', '', 0, '', ''),
(314, '1314.10.314', 3, 'FIS', 'SMT1', 0, 0, '', '', 0, 0, '', '', 0, '', ''),
(315, '1314.10.322', 3, 'FIS', 'SMT1', 0, 0, '', '', 0, 0, '', '', 0, '', ''),
(316, '1314.10.324', 3, 'FIS', 'SMT1', 0, 0, '', '', 0, 0, '', '', 0, '', ''),
(317, '1314.10.344', 3, 'FIS', 'SMT1', 0, 0, '', '', 0, 0, '', '', 0, '', ''),
(318, '1314.10.352', 3, 'FIS', 'SMT1', 0, 0, '', '', 0, 0, '', '', 0, '', ''),
(319, '1314.10.364', 3, 'FIS', 'SMT1', 0, 0, '', '', 0, 0, '', '', 0, '', ''),
(320, '1314.10.381', 3, 'FIS', 'SMT1', 0, 0, '', '', 0, 0, '', '', 0, '', ''),
(321, '1314.10.392', 3, 'FIS', 'SMT1', 0, 0, '', '', 0, 0, '', '', 0, '', ''),
(322, '1314.10.396', 3, 'FIS', 'SMT1', 0, 0, '', '', 0, 0, '', '', 0, '', ''),
(323, '1314.10.405', 3, 'FIS', 'SMT1', 0, 0, '', '', 0, 0, '', '', 0, '', ''),
(324, '1314.10.006', 3, 'KIM', 'SMT1', 66, 2.64, 'B-', 'T', 84, 3.36, 'B+', 'T', 65, 'B', 'T'),
(325, '1314.10.020', 3, 'KIM', 'SMT1', 0, 0, '', '', 0, 0, '', '', 0, '', ''),
(326, '1314.10.026', 3, 'KIM', 'SMT1', 0, 0, '', '', 0, 0, '', '', 0, '', ''),
(327, '1314.10.044', 3, 'KIM', 'SMT1', 0, 0, '', '', 0, 0, '', '', 0, '', ''),
(328, '1314.10.050', 3, 'KIM', 'SMT1', 0, 0, '', '', 0, 0, '', '', 0, '', ''),
(329, '1314.10.057', 3, 'KIM', 'SMT1', 0, 0, '', '', 0, 0, '', '', 0, '', ''),
(330, '1314.10.072', 3, 'KIM', 'SMT1', 0, 0, '', '', 0, 0, '', '', 0, '', ''),
(331, '1314.10.076', 3, 'KIM', 'SMT1', 0, 0, '', '', 0, 0, '', '', 0, '', ''),
(332, '1314.10.099', 3, 'KIM', 'SMT1', 0, 0, '', '', 0, 0, '', '', 0, '', ''),
(333, '1314.10.102', 3, 'KIM', 'SMT1', 0, 0, '', '', 0, 0, '', '', 0, '', ''),
(334, '1314.10.121', 3, 'KIM', 'SMT1', 0, 0, '', '', 0, 0, '', '', 0, '', ''),
(335, '1314.10.128', 3, 'KIM', 'SMT1', 0, 0, '', '', 0, 0, '', '', 0, '', ''),
(336, '1314.10.136', 3, 'KIM', 'SMT1', 0, 0, '', '', 0, 0, '', '', 0, '', ''),
(337, '1314.10.150', 3, 'KIM', 'SMT1', 0, 0, '', '', 0, 0, '', '', 0, '', ''),
(338, '1314.10.153', 3, 'KIM', 'SMT1', 0, 0, '', '', 0, 0, '', '', 0, '', ''),
(339, '1314.10.168', 3, 'KIM', 'SMT1', 0, 0, '', '', 0, 0, '', '', 0, '', ''),
(340, '1314.10.171', 3, 'KIM', 'SMT1', 0, 0, '', '', 0, 0, '', '', 0, '', ''),
(341, '1314.10.190', 3, 'KIM', 'SMT1', 0, 0, '', '', 0, 0, '', '', 0, '', ''),
(342, '1314.10.202', 3, 'KIM', 'SMT1', 0, 0, '', '', 0, 0, '', '', 0, '', ''),
(343, '1314.10.203', 3, 'KIM', 'SMT1', 0, 0, '', '', 0, 0, '', '', 0, '', ''),
(344, '1314.10.210', 3, 'KIM', 'SMT1', 0, 0, '', '', 0, 0, '', '', 0, '', ''),
(345, '1314.10.224', 3, 'KIM', 'SMT1', 0, 0, '', '', 0, 0, '', '', 0, '', ''),
(346, '1314.10.235', 3, 'KIM', 'SMT1', 0, 0, '', '', 0, 0, '', '', 0, '', ''),
(347, '1314.10.241', 3, 'KIM', 'SMT1', 0, 0, '', '', 0, 0, '', '', 0, '', ''),
(348, '1314.10.258', 3, 'KIM', 'SMT1', 0, 0, '', '', 0, 0, '', '', 0, '', ''),
(349, '1314.10.262', 3, 'KIM', 'SMT1', 0, 0, '', '', 0, 0, '', '', 0, '', ''),
(350, '1314.10.271', 3, 'KIM', 'SMT1', 0, 0, '', '', 0, 0, '', '', 0, '', ''),
(351, '1314.10.279', 3, 'KIM', 'SMT1', 0, 0, '', '', 0, 0, '', '', 0, '', ''),
(352, '1314.10.293', 3, 'KIM', 'SMT1', 0, 0, '', '', 0, 0, '', '', 0, '', ''),
(353, '1314.10.294', 3, 'KIM', 'SMT1', 0, 0, '', '', 0, 0, '', '', 0, '', ''),
(354, '1314.10.314', 3, 'KIM', 'SMT1', 0, 0, '', '', 0, 0, '', '', 0, '', ''),
(355, '1314.10.322', 3, 'KIM', 'SMT1', 0, 0, '', '', 0, 0, '', '', 0, '', ''),
(356, '1314.10.324', 3, 'KIM', 'SMT1', 0, 0, '', '', 0, 0, '', '', 0, '', ''),
(357, '1314.10.344', 3, 'KIM', 'SMT1', 0, 0, '', '', 0, 0, '', '', 0, '', ''),
(358, '1314.10.352', 3, 'KIM', 'SMT1', 0, 0, '', '', 0, 0, '', '', 0, '', ''),
(359, '1314.10.364', 3, 'KIM', 'SMT1', 0, 0, '', '', 0, 0, '', '', 0, '', ''),
(360, '1314.10.381', 3, 'KIM', 'SMT1', 0, 0, '', '', 0, 0, '', '', 0, '', ''),
(361, '1314.10.392', 3, 'KIM', 'SMT1', 0, 0, '', '', 0, 0, '', '', 0, '', ''),
(362, '1314.10.396', 3, 'KIM', 'SMT1', 0, 0, '', '', 0, 0, '', '', 0, '', ''),
(363, '1314.10.405', 3, 'KIM', 'SMT1', 0, 0, '', '', 0, 0, '', '', 0, '', ''),
(364, '1314.10.006', 3, 'MATA', 'SMT1', 97, 3.88, 'A', 'A', 89, 3.56, 'A-', 'A', 100, 'SB', 'A'),
(365, '1314.10.020', 3, 'MATA', 'SMT1', 0, 0, '', '', 0, 0, '', '', 0, '', ''),
(366, '1314.10.026', 3, 'MATA', 'SMT1', 0, 0, '', '', 0, 0, '', '', 0, '', ''),
(367, '1314.10.044', 3, 'MATA', 'SMT1', 0, 0, '', '', 0, 0, '', '', 0, '', ''),
(368, '1314.10.050', 3, 'MATA', 'SMT1', 0, 0, '', '', 0, 0, '', '', 0, '', ''),
(369, '1314.10.057', 3, 'MATA', 'SMT1', 0, 0, '', '', 0, 0, '', '', 0, '', ''),
(370, '1314.10.072', 3, 'MATA', 'SMT1', 0, 0, '', '', 0, 0, '', '', 0, '', ''),
(371, '1314.10.076', 3, 'MATA', 'SMT1', 0, 0, '', '', 0, 0, '', '', 0, '', ''),
(372, '1314.10.099', 3, 'MATA', 'SMT1', 0, 0, '', '', 0, 0, '', '', 0, '', ''),
(373, '1314.10.102', 3, 'MATA', 'SMT1', 0, 0, '', '', 0, 0, '', '', 0, '', ''),
(374, '1314.10.121', 3, 'MATA', 'SMT1', 0, 0, '', '', 0, 0, '', '', 0, '', ''),
(375, '1314.10.128', 3, 'MATA', 'SMT1', 0, 0, '', '', 0, 0, '', '', 0, '', ''),
(376, '1314.10.136', 3, 'MATA', 'SMT1', 0, 0, '', '', 0, 0, '', '', 0, '', ''),
(377, '1314.10.150', 3, 'MATA', 'SMT1', 0, 0, '', '', 0, 0, '', '', 0, '', ''),
(378, '1314.10.153', 3, 'MATA', 'SMT1', 0, 0, '', '', 0, 0, '', '', 0, '', ''),
(379, '1314.10.168', 3, 'MATA', 'SMT1', 0, 0, '', '', 0, 0, '', '', 0, '', ''),
(380, '1314.10.171', 3, 'MATA', 'SMT1', 0, 0, '', '', 0, 0, '', '', 0, '', ''),
(381, '1314.10.190', 3, 'MATA', 'SMT1', 0, 0, '', '', 0, 0, '', '', 0, '', ''),
(382, '1314.10.202', 3, 'MATA', 'SMT1', 0, 0, '', '', 0, 0, '', '', 0, '', ''),
(383, '1314.10.203', 3, 'MATA', 'SMT1', 0, 0, '', '', 0, 0, '', '', 0, '', ''),
(384, '1314.10.210', 3, 'MATA', 'SMT1', 0, 0, '', '', 0, 0, '', '', 0, '', ''),
(385, '1314.10.224', 3, 'MATA', 'SMT1', 0, 0, '', '', 0, 0, '', '', 0, '', ''),
(386, '1314.10.235', 3, 'MATA', 'SMT1', 0, 0, '', '', 0, 0, '', '', 0, '', ''),
(387, '1314.10.241', 3, 'MATA', 'SMT1', 0, 0, '', '', 0, 0, '', '', 0, '', ''),
(388, '1314.10.258', 3, 'MATA', 'SMT1', 0, 0, '', '', 0, 0, '', '', 0, '', ''),
(389, '1314.10.262', 3, 'MATA', 'SMT1', 0, 0, '', '', 0, 0, '', '', 0, '', ''),
(390, '1314.10.271', 3, 'MATA', 'SMT1', 0, 0, '', '', 0, 0, '', '', 0, '', ''),
(391, '1314.10.279', 3, 'MATA', 'SMT1', 0, 0, '', '', 0, 0, '', '', 0, '', ''),
(392, '1314.10.293', 3, 'MATA', 'SMT1', 0, 0, '', '', 0, 0, '', '', 0, '', ''),
(393, '1314.10.294', 3, 'MATA', 'SMT1', 0, 0, '', '', 0, 0, '', '', 0, '', ''),
(394, '1314.10.314', 3, 'MATA', 'SMT1', 0, 0, '', '', 0, 0, '', '', 0, '', ''),
(395, '1314.10.322', 3, 'MATA', 'SMT1', 0, 0, '', '', 0, 0, '', '', 0, '', ''),
(396, '1314.10.324', 3, 'MATA', 'SMT1', 0, 0, '', '', 0, 0, '', '', 0, '', ''),
(397, '1314.10.344', 3, 'MATA', 'SMT1', 0, 0, '', '', 0, 0, '', '', 0, '', ''),
(398, '1314.10.352', 3, 'MATA', 'SMT1', 0, 0, '', '', 0, 0, '', '', 0, '', ''),
(399, '1314.10.364', 3, 'MATA', 'SMT1', 0, 0, '', '', 0, 0, '', '', 0, '', ''),
(400, '1314.10.381', 3, 'MATA', 'SMT1', 0, 0, '', '', 0, 0, '', '', 0, '', ''),
(401, '1314.10.392', 3, 'MATA', 'SMT1', 0, 0, '', '', 0, 0, '', '', 0, '', ''),
(402, '1314.10.396', 3, 'MATA', 'SMT1', 0, 0, '', '', 0, 0, '', '', 0, '', ''),
(403, '1314.10.405', 3, 'MATA', 'SMT1', 0, 0, '', '', 0, 0, '', '', 0, '', ''),
(404, '1314.10.006', 3, 'MATC', 'SMT1', 90, 3.6, 'A-', 'A', 60, 2.4, 'C+', 'A', 70, 'B', 'A'),
(405, '1314.10.020', 3, 'MATC', 'SMT1', 0, 0, '', '', 0, 0, '', '', 0, '', ''),
(406, '1314.10.026', 3, 'MATC', 'SMT1', 0, 0, '', '', 0, 0, '', '', 0, '', ''),
(407, '1314.10.044', 3, 'MATC', 'SMT1', 0, 0, '', '', 0, 0, '', '', 0, '', ''),
(408, '1314.10.050', 3, 'MATC', 'SMT1', 0, 0, '', '', 0, 0, '', '', 0, '', ''),
(409, '1314.10.057', 3, 'MATC', 'SMT1', 0, 0, '', '', 0, 0, '', '', 0, '', ''),
(410, '1314.10.072', 3, 'MATC', 'SMT1', 0, 0, '', '', 0, 0, '', '', 0, '', ''),
(411, '1314.10.076', 3, 'MATC', 'SMT1', 0, 0, '', '', 0, 0, '', '', 0, '', ''),
(412, '1314.10.099', 3, 'MATC', 'SMT1', 0, 0, '', '', 0, 0, '', '', 0, '', ''),
(413, '1314.10.102', 3, 'MATC', 'SMT1', 0, 0, '', '', 0, 0, '', '', 0, '', ''),
(414, '1314.10.121', 3, 'MATC', 'SMT1', 0, 0, '', '', 0, 0, '', '', 0, '', ''),
(415, '1314.10.128', 3, 'MATC', 'SMT1', 0, 0, '', '', 0, 0, '', '', 0, '', ''),
(416, '1314.10.136', 3, 'MATC', 'SMT1', 0, 0, '', '', 0, 0, '', '', 0, '', ''),
(417, '1314.10.150', 3, 'MATC', 'SMT1', 0, 0, '', '', 0, 0, '', '', 0, '', ''),
(418, '1314.10.153', 3, 'MATC', 'SMT1', 0, 0, '', '', 0, 0, '', '', 0, '', ''),
(419, '1314.10.168', 3, 'MATC', 'SMT1', 0, 0, '', '', 0, 0, '', '', 0, '', ''),
(420, '1314.10.171', 3, 'MATC', 'SMT1', 0, 0, '', '', 0, 0, '', '', 0, '', ''),
(421, '1314.10.190', 3, 'MATC', 'SMT1', 0, 0, '', '', 0, 0, '', '', 0, '', ''),
(422, '1314.10.202', 3, 'MATC', 'SMT1', 0, 0, '', '', 0, 0, '', '', 0, '', ''),
(423, '1314.10.203', 3, 'MATC', 'SMT1', 0, 0, '', '', 0, 0, '', '', 0, '', ''),
(424, '1314.10.210', 3, 'MATC', 'SMT1', 0, 0, '', '', 0, 0, '', '', 0, '', ''),
(425, '1314.10.224', 3, 'MATC', 'SMT1', 0, 0, '', '', 0, 0, '', '', 0, '', ''),
(426, '1314.10.235', 3, 'MATC', 'SMT1', 0, 0, '', '', 0, 0, '', '', 0, '', ''),
(427, '1314.10.241', 3, 'MATC', 'SMT1', 0, 0, '', '', 0, 0, '', '', 0, '', ''),
(428, '1314.10.258', 3, 'MATC', 'SMT1', 0, 0, '', '', 0, 0, '', '', 0, '', ''),
(429, '1314.10.262', 3, 'MATC', 'SMT1', 0, 0, '', '', 0, 0, '', '', 0, '', ''),
(430, '1314.10.271', 3, 'MATC', 'SMT1', 0, 0, '', '', 0, 0, '', '', 0, '', ''),
(431, '1314.10.279', 3, 'MATC', 'SMT1', 0, 0, '', '', 0, 0, '', '', 0, '', ''),
(432, '1314.10.293', 3, 'MATC', 'SMT1', 0, 0, '', '', 0, 0, '', '', 0, '', ''),
(433, '1314.10.294', 3, 'MATC', 'SMT1', 0, 0, '', '', 0, 0, '', '', 0, '', ''),
(434, '1314.10.314', 3, 'MATC', 'SMT1', 0, 0, '', '', 0, 0, '', '', 0, '', ''),
(435, '1314.10.322', 3, 'MATC', 'SMT1', 0, 0, '', '', 0, 0, '', '', 0, '', ''),
(436, '1314.10.324', 3, 'MATC', 'SMT1', 0, 0, '', '', 0, 0, '', '', 0, '', ''),
(437, '1314.10.344', 3, 'MATC', 'SMT1', 0, 0, '', '', 0, 0, '', '', 0, '', ''),
(438, '1314.10.352', 3, 'MATC', 'SMT1', 0, 0, '', '', 0, 0, '', '', 0, '', ''),
(439, '1314.10.364', 3, 'MATC', 'SMT1', 0, 0, '', '', 0, 0, '', '', 0, '', ''),
(440, '1314.10.381', 3, 'MATC', 'SMT1', 0, 0, '', '', 0, 0, '', '', 0, '', ''),
(441, '1314.10.392', 3, 'MATC', 'SMT1', 0, 0, '', '', 0, 0, '', '', 0, '', ''),
(442, '1314.10.396', 3, 'MATC', 'SMT1', 0, 0, '', '', 0, 0, '', '', 0, '', ''),
(443, '1314.10.405', 3, 'MATC', 'SMT1', 0, 0, '', '', 0, 0, '', '', 0, '', ''),
(444, '1314.10.006', 3, 'OR', 'SMT1', 76, 3.04, 'B', 'A', 56, 2.24, 'C+', 'B', 100, 'SB', 'B'),
(445, '1314.10.020', 3, 'OR', 'SMT1', 0, 0, '', '', 0, 0, '', '', 0, '', ''),
(446, '1314.10.026', 3, 'OR', 'SMT1', 0, 0, '', '', 0, 0, '', '', 0, '', ''),
(447, '1314.10.044', 3, 'OR', 'SMT1', 0, 0, '', '', 0, 0, '', '', 0, '', ''),
(448, '1314.10.050', 3, 'OR', 'SMT1', 0, 0, '', '', 0, 0, '', '', 0, '', ''),
(449, '1314.10.057', 3, 'OR', 'SMT1', 0, 0, '', '', 0, 0, '', '', 0, '', ''),
(450, '1314.10.072', 3, 'OR', 'SMT1', 0, 0, '', '', 0, 0, '', '', 0, '', ''),
(451, '1314.10.076', 3, 'OR', 'SMT1', 0, 0, '', '', 0, 0, '', '', 0, '', ''),
(452, '1314.10.099', 3, 'OR', 'SMT1', 0, 0, '', '', 0, 0, '', '', 0, '', ''),
(453, '1314.10.102', 3, 'OR', 'SMT1', 0, 0, '', '', 0, 0, '', '', 0, '', ''),
(454, '1314.10.121', 3, 'OR', 'SMT1', 0, 0, '', '', 0, 0, '', '', 0, '', ''),
(455, '1314.10.128', 3, 'OR', 'SMT1', 0, 0, '', '', 0, 0, '', '', 0, '', ''),
(456, '1314.10.136', 3, 'OR', 'SMT1', 0, 0, '', '', 0, 0, '', '', 0, '', ''),
(457, '1314.10.150', 3, 'OR', 'SMT1', 0, 0, '', '', 0, 0, '', '', 0, '', ''),
(458, '1314.10.153', 3, 'OR', 'SMT1', 0, 0, '', '', 0, 0, '', '', 0, '', ''),
(459, '1314.10.168', 3, 'OR', 'SMT1', 0, 0, '', '', 0, 0, '', '', 0, '', ''),
(460, '1314.10.171', 3, 'OR', 'SMT1', 0, 0, '', '', 0, 0, '', '', 0, '', ''),
(461, '1314.10.190', 3, 'OR', 'SMT1', 0, 0, '', '', 0, 0, '', '', 0, '', ''),
(462, '1314.10.202', 3, 'OR', 'SMT1', 0, 0, '', '', 0, 0, '', '', 0, '', ''),
(463, '1314.10.203', 3, 'OR', 'SMT1', 0, 0, '', '', 0, 0, '', '', 0, '', ''),
(464, '1314.10.210', 3, 'OR', 'SMT1', 0, 0, '', '', 0, 0, '', '', 0, '', ''),
(465, '1314.10.224', 3, 'OR', 'SMT1', 0, 0, '', '', 0, 0, '', '', 0, '', ''),
(466, '1314.10.235', 3, 'OR', 'SMT1', 0, 0, '', '', 0, 0, '', '', 0, '', ''),
(467, '1314.10.241', 3, 'OR', 'SMT1', 0, 0, '', '', 0, 0, '', '', 0, '', ''),
(468, '1314.10.258', 3, 'OR', 'SMT1', 0, 0, '', '', 0, 0, '', '', 0, '', ''),
(469, '1314.10.262', 3, 'OR', 'SMT1', 0, 0, '', '', 0, 0, '', '', 0, '', ''),
(470, '1314.10.271', 3, 'OR', 'SMT1', 0, 0, '', '', 0, 0, '', '', 0, '', ''),
(471, '1314.10.279', 3, 'OR', 'SMT1', 0, 0, '', '', 0, 0, '', '', 0, '', ''),
(472, '1314.10.293', 3, 'OR', 'SMT1', 0, 0, '', '', 0, 0, '', '', 0, '', ''),
(473, '1314.10.294', 3, 'OR', 'SMT1', 0, 0, '', '', 0, 0, '', '', 0, '', ''),
(474, '1314.10.314', 3, 'OR', 'SMT1', 0, 0, '', '', 0, 0, '', '', 0, '', ''),
(475, '1314.10.322', 3, 'OR', 'SMT1', 0, 0, '', '', 0, 0, '', '', 0, '', ''),
(476, '1314.10.324', 3, 'OR', 'SMT1', 0, 0, '', '', 0, 0, '', '', 0, '', ''),
(477, '1314.10.344', 3, 'OR', 'SMT1', 0, 0, '', '', 0, 0, '', '', 0, '', ''),
(478, '1314.10.352', 3, 'OR', 'SMT1', 0, 0, '', '', 0, 0, '', '', 0, '', ''),
(479, '1314.10.364', 3, 'OR', 'SMT1', 0, 0, '', '', 0, 0, '', '', 0, '', ''),
(480, '1314.10.381', 3, 'OR', 'SMT1', 0, 0, '', '', 0, 0, '', '', 0, '', ''),
(481, '1314.10.392', 3, 'OR', 'SMT1', 0, 0, '', '', 0, 0, '', '', 0, '', ''),
(482, '1314.10.396', 3, 'OR', 'SMT1', 0, 0, '', '', 0, 0, '', '', 0, '', ''),
(483, '1314.10.405', 3, 'OR', 'SMT1', 0, 0, '', '', 0, 0, '', '', 0, '', ''),
(484, '1314.10.006', 3, 'PAI', 'SMT1', 89, 3.56, 'A-', 'A', 87, 3.48, 'B+', 'A', 77, 'SB', 'A'),
(485, '1314.10.020', 3, 'PAI', 'SMT1', 0, 0, '', '', 0, 0, '', '', 0, '', ''),
(486, '1314.10.026', 3, 'PAI', 'SMT1', 0, 0, '', '', 0, 0, '', '', 0, '', ''),
(487, '1314.10.044', 3, 'PAI', 'SMT1', 0, 0, '', '', 0, 0, '', '', 0, '', ''),
(488, '1314.10.050', 3, 'PAI', 'SMT1', 0, 0, '', '', 0, 0, '', '', 0, '', ''),
(489, '1314.10.057', 3, 'PAI', 'SMT1', 0, 0, '', '', 0, 0, '', '', 0, '', ''),
(490, '1314.10.072', 3, 'PAI', 'SMT1', 0, 0, '', '', 0, 0, '', '', 0, '', ''),
(491, '1314.10.076', 3, 'PAI', 'SMT1', 0, 0, '', '', 0, 0, '', '', 0, '', ''),
(492, '1314.10.099', 3, 'PAI', 'SMT1', 0, 0, '', '', 0, 0, '', '', 0, '', ''),
(493, '1314.10.102', 3, 'PAI', 'SMT1', 0, 0, '', '', 0, 0, '', '', 0, '', ''),
(494, '1314.10.121', 3, 'PAI', 'SMT1', 0, 0, '', '', 0, 0, '', '', 0, '', ''),
(495, '1314.10.128', 3, 'PAI', 'SMT1', 0, 0, '', '', 0, 0, '', '', 0, '', ''),
(496, '1314.10.136', 3, 'PAI', 'SMT1', 0, 0, '', '', 0, 0, '', '', 0, '', ''),
(497, '1314.10.150', 3, 'PAI', 'SMT1', 0, 0, '', '', 0, 0, '', '', 0, '', ''),
(498, '1314.10.153', 3, 'PAI', 'SMT1', 0, 0, '', '', 0, 0, '', '', 0, '', ''),
(499, '1314.10.168', 3, 'PAI', 'SMT1', 0, 0, '', '', 0, 0, '', '', 0, '', ''),
(500, '1314.10.171', 3, 'PAI', 'SMT1', 0, 0, '', '', 0, 0, '', '', 0, '', ''),
(501, '1314.10.190', 3, 'PAI', 'SMT1', 0, 0, '', '', 0, 0, '', '', 0, '', ''),
(502, '1314.10.202', 3, 'PAI', 'SMT1', 0, 0, '', '', 0, 0, '', '', 0, '', ''),
(503, '1314.10.203', 3, 'PAI', 'SMT1', 0, 0, '', '', 0, 0, '', '', 0, '', ''),
(504, '1314.10.210', 3, 'PAI', 'SMT1', 0, 0, '', '', 0, 0, '', '', 0, '', ''),
(505, '1314.10.224', 3, 'PAI', 'SMT1', 0, 0, '', '', 0, 0, '', '', 0, '', ''),
(506, '1314.10.235', 3, 'PAI', 'SMT1', 0, 0, '', '', 0, 0, '', '', 0, '', ''),
(507, '1314.10.241', 3, 'PAI', 'SMT1', 0, 0, '', '', 0, 0, '', '', 0, '', ''),
(508, '1314.10.258', 3, 'PAI', 'SMT1', 0, 0, '', '', 0, 0, '', '', 0, '', ''),
(509, '1314.10.262', 3, 'PAI', 'SMT1', 0, 0, '', '', 0, 0, '', '', 0, '', ''),
(510, '1314.10.271', 3, 'PAI', 'SMT1', 0, 0, '', '', 0, 0, '', '', 0, '', ''),
(511, '1314.10.279', 3, 'PAI', 'SMT1', 0, 0, '', '', 0, 0, '', '', 0, '', ''),
(512, '1314.10.293', 3, 'PAI', 'SMT1', 0, 0, '', '', 0, 0, '', '', 0, '', ''),
(513, '1314.10.294', 3, 'PAI', 'SMT1', 0, 0, '', '', 0, 0, '', '', 0, '', ''),
(514, '1314.10.314', 3, 'PAI', 'SMT1', 0, 0, '', '', 0, 0, '', '', 0, '', ''),
(515, '1314.10.322', 3, 'PAI', 'SMT1', 0, 0, '', '', 0, 0, '', '', 0, '', ''),
(516, '1314.10.324', 3, 'PAI', 'SMT1', 0, 0, '', '', 0, 0, '', '', 0, '', ''),
(517, '1314.10.344', 3, 'PAI', 'SMT1', 0, 0, '', '', 0, 0, '', '', 0, '', ''),
(518, '1314.10.352', 3, 'PAI', 'SMT1', 0, 0, '', '', 0, 0, '', '', 0, '', ''),
(519, '1314.10.364', 3, 'PAI', 'SMT1', 0, 0, '', '', 0, 0, '', '', 0, '', ''),
(520, '1314.10.381', 3, 'PAI', 'SMT1', 0, 0, '', '', 0, 0, '', '', 0, '', ''),
(521, '1314.10.392', 3, 'PAI', 'SMT1', 0, 0, '', '', 0, 0, '', '', 0, '', ''),
(522, '1314.10.396', 3, 'PAI', 'SMT1', 0, 0, '', '', 0, 0, '', '', 0, '', ''),
(523, '1314.10.405', 3, 'PAI', 'SMT1', 0, 0, '', '', 0, 0, '', '', 0, '', ''),
(524, '1314.10.006', 3, 'PK', 'SMT1', 76, 3.04, 'B', 'A', 87, 3.48, 'B+', 'B', 78, 'SB', 'A'),
(525, '1314.10.020', 3, 'PK', 'SMT1', 0, 0, '', '', 0, 0, '', '', 0, '', ''),
(526, '1314.10.026', 3, 'PK', 'SMT1', 0, 0, '', '', 0, 0, '', '', 0, '', ''),
(527, '1314.10.044', 3, 'PK', 'SMT1', 0, 0, '', '', 0, 0, '', '', 0, '', ''),
(528, '1314.10.050', 3, 'PK', 'SMT1', 0, 0, '', '', 0, 0, '', '', 0, '', ''),
(529, '1314.10.057', 3, 'PK', 'SMT1', 0, 0, '', '', 0, 0, '', '', 0, '', ''),
(530, '1314.10.072', 3, 'PK', 'SMT1', 0, 0, '', '', 0, 0, '', '', 0, '', ''),
(531, '1314.10.076', 3, 'PK', 'SMT1', 0, 0, '', '', 0, 0, '', '', 0, '', ''),
(532, '1314.10.099', 3, 'PK', 'SMT1', 0, 0, '', '', 0, 0, '', '', 0, '', ''),
(533, '1314.10.102', 3, 'PK', 'SMT1', 0, 0, '', '', 0, 0, '', '', 0, '', ''),
(534, '1314.10.121', 3, 'PK', 'SMT1', 0, 0, '', '', 0, 0, '', '', 0, '', ''),
(535, '1314.10.128', 3, 'PK', 'SMT1', 0, 0, '', '', 0, 0, '', '', 0, '', ''),
(536, '1314.10.136', 3, 'PK', 'SMT1', 0, 0, '', '', 0, 0, '', '', 0, '', ''),
(537, '1314.10.150', 3, 'PK', 'SMT1', 0, 0, '', '', 0, 0, '', '', 0, '', ''),
(538, '1314.10.153', 3, 'PK', 'SMT1', 0, 0, '', '', 0, 0, '', '', 0, '', ''),
(539, '1314.10.168', 3, 'PK', 'SMT1', 0, 0, '', '', 0, 0, '', '', 0, '', ''),
(540, '1314.10.171', 3, 'PK', 'SMT1', 0, 0, '', '', 0, 0, '', '', 0, '', ''),
(541, '1314.10.190', 3, 'PK', 'SMT1', 0, 0, '', '', 0, 0, '', '', 0, '', ''),
(542, '1314.10.202', 3, 'PK', 'SMT1', 0, 0, '', '', 0, 0, '', '', 0, '', ''),
(543, '1314.10.203', 3, 'PK', 'SMT1', 0, 0, '', '', 0, 0, '', '', 0, '', ''),
(544, '1314.10.210', 3, 'PK', 'SMT1', 0, 0, '', '', 0, 0, '', '', 0, '', ''),
(545, '1314.10.224', 3, 'PK', 'SMT1', 0, 0, '', '', 0, 0, '', '', 0, '', ''),
(546, '1314.10.235', 3, 'PK', 'SMT1', 0, 0, '', '', 0, 0, '', '', 0, '', ''),
(547, '1314.10.241', 3, 'PK', 'SMT1', 0, 0, '', '', 0, 0, '', '', 0, '', ''),
(548, '1314.10.258', 3, 'PK', 'SMT1', 0, 0, '', '', 0, 0, '', '', 0, '', ''),
(549, '1314.10.262', 3, 'PK', 'SMT1', 0, 0, '', '', 0, 0, '', '', 0, '', ''),
(550, '1314.10.271', 3, 'PK', 'SMT1', 0, 0, '', '', 0, 0, '', '', 0, '', ''),
(551, '1314.10.279', 3, 'PK', 'SMT1', 0, 0, '', '', 0, 0, '', '', 0, '', ''),
(552, '1314.10.293', 3, 'PK', 'SMT1', 0, 0, '', '', 0, 0, '', '', 0, '', ''),
(553, '1314.10.294', 3, 'PK', 'SMT1', 0, 0, '', '', 0, 0, '', '', 0, '', ''),
(554, '1314.10.314', 3, 'PK', 'SMT1', 0, 0, '', '', 0, 0, '', '', 0, '', ''),
(555, '1314.10.322', 3, 'PK', 'SMT1', 0, 0, '', '', 0, 0, '', '', 0, '', ''),
(556, '1314.10.324', 3, 'PK', 'SMT1', 0, 0, '', '', 0, 0, '', '', 0, '', ''),
(557, '1314.10.344', 3, 'PK', 'SMT1', 0, 0, '', '', 0, 0, '', '', 0, '', ''),
(558, '1314.10.352', 3, 'PK', 'SMT1', 0, 0, '', '', 0, 0, '', '', 0, '', ''),
(559, '1314.10.364', 3, 'PK', 'SMT1', 0, 0, '', '', 0, 0, '', '', 0, '', ''),
(560, '1314.10.381', 3, 'PK', 'SMT1', 0, 0, '', '', 0, 0, '', '', 0, '', ''),
(561, '1314.10.392', 3, 'PK', 'SMT1', 0, 0, '', '', 0, 0, '', '', 0, '', ''),
(562, '1314.10.396', 3, 'PK', 'SMT1', 0, 0, '', '', 0, 0, '', '', 0, '', ''),
(563, '1314.10.405', 3, 'PK', 'SMT1', 0, 0, '', '', 0, 0, '', '', 0, '', ''),
(564, '1314.10.006', 3, 'PKN', 'SMT1', 76, 3.04, 'B', 'T', 56, 2.24, 'C+', 'T', 77, 'SB', 'T'),
(565, '1314.10.020', 3, 'PKN', 'SMT1', 0, 0, '', '', 0, 0, '', '', 0, '', ''),
(566, '1314.10.026', 3, 'PKN', 'SMT1', 0, 0, '', '', 0, 0, '', '', 0, '', ''),
(567, '1314.10.044', 3, 'PKN', 'SMT1', 0, 0, '', '', 0, 0, '', '', 0, '', ''),
(568, '1314.10.050', 3, 'PKN', 'SMT1', 0, 0, '', '', 0, 0, '', '', 0, '', ''),
(569, '1314.10.057', 3, 'PKN', 'SMT1', 0, 0, '', '', 0, 0, '', '', 0, '', ''),
(570, '1314.10.072', 3, 'PKN', 'SMT1', 0, 0, '', '', 0, 0, '', '', 0, '', ''),
(571, '1314.10.076', 3, 'PKN', 'SMT1', 0, 0, '', '', 0, 0, '', '', 0, '', ''),
(572, '1314.10.099', 3, 'PKN', 'SMT1', 0, 0, '', '', 0, 0, '', '', 0, '', ''),
(573, '1314.10.102', 3, 'PKN', 'SMT1', 0, 0, '', '', 0, 0, '', '', 0, '', ''),
(574, '1314.10.121', 3, 'PKN', 'SMT1', 0, 0, '', '', 0, 0, '', '', 0, '', ''),
(575, '1314.10.128', 3, 'PKN', 'SMT1', 0, 0, '', '', 0, 0, '', '', 0, '', ''),
(576, '1314.10.136', 3, 'PKN', 'SMT1', 0, 0, '', '', 0, 0, '', '', 0, '', ''),
(577, '1314.10.150', 3, 'PKN', 'SMT1', 0, 0, '', '', 0, 0, '', '', 0, '', ''),
(578, '1314.10.153', 3, 'PKN', 'SMT1', 0, 0, '', '', 0, 0, '', '', 0, '', ''),
(579, '1314.10.168', 3, 'PKN', 'SMT1', 0, 0, '', '', 0, 0, '', '', 0, '', ''),
(580, '1314.10.171', 3, 'PKN', 'SMT1', 0, 0, '', '', 0, 0, '', '', 0, '', ''),
(581, '1314.10.190', 3, 'PKN', 'SMT1', 0, 0, '', '', 0, 0, '', '', 0, '', ''),
(582, '1314.10.202', 3, 'PKN', 'SMT1', 0, 0, '', '', 0, 0, '', '', 0, '', ''),
(583, '1314.10.203', 3, 'PKN', 'SMT1', 0, 0, '', '', 0, 0, '', '', 0, '', ''),
(584, '1314.10.210', 3, 'PKN', 'SMT1', 0, 0, '', '', 0, 0, '', '', 0, '', ''),
(585, '1314.10.224', 3, 'PKN', 'SMT1', 0, 0, '', '', 0, 0, '', '', 0, '', ''),
(586, '1314.10.235', 3, 'PKN', 'SMT1', 0, 0, '', '', 0, 0, '', '', 0, '', ''),
(587, '1314.10.241', 3, 'PKN', 'SMT1', 0, 0, '', '', 0, 0, '', '', 0, '', ''),
(588, '1314.10.258', 3, 'PKN', 'SMT1', 0, 0, '', '', 0, 0, '', '', 0, '', ''),
(589, '1314.10.262', 3, 'PKN', 'SMT1', 0, 0, '', '', 0, 0, '', '', 0, '', ''),
(590, '1314.10.271', 3, 'PKN', 'SMT1', 0, 0, '', '', 0, 0, '', '', 0, '', ''),
(591, '1314.10.279', 3, 'PKN', 'SMT1', 0, 0, '', '', 0, 0, '', '', 0, '', ''),
(592, '1314.10.293', 3, 'PKN', 'SMT1', 0, 0, '', '', 0, 0, '', '', 0, '', ''),
(593, '1314.10.294', 3, 'PKN', 'SMT1', 0, 0, '', '', 0, 0, '', '', 0, '', ''),
(594, '1314.10.314', 3, 'PKN', 'SMT1', 0, 0, '', '', 0, 0, '', '', 0, '', ''),
(595, '1314.10.322', 3, 'PKN', 'SMT1', 0, 0, '', '', 0, 0, '', '', 0, '', ''),
(596, '1314.10.324', 3, 'PKN', 'SMT1', 0, 0, '', '', 0, 0, '', '', 0, '', ''),
(597, '1314.10.344', 3, 'PKN', 'SMT1', 0, 0, '', '', 0, 0, '', '', 0, '', ''),
(598, '1314.10.352', 3, 'PKN', 'SMT1', 0, 0, '', '', 0, 0, '', '', 0, '', ''),
(599, '1314.10.364', 3, 'PKN', 'SMT1', 0, 0, '', '', 0, 0, '', '', 0, '', ''),
(600, '1314.10.381', 3, 'PKN', 'SMT1', 0, 0, '', '', 0, 0, '', '', 0, '', ''),
(601, '1314.10.392', 3, 'PKN', 'SMT1', 0, 0, '', '', 0, 0, '', '', 0, '', ''),
(602, '1314.10.396', 3, 'PKN', 'SMT1', 0, 0, '', '', 0, 0, '', '', 0, '', ''),
(603, '1314.10.405', 3, 'PKN', 'SMT1', 0, 0, '', '', 0, 0, '', '', 0, '', ''),
(604, '1314.10.006', 3, 'SB', 'SMT1', 89, 3.56, 'A-', 'A', 76, 3.04, 'B', 'A', 66, 'B', 'A'),
(605, '1314.10.020', 3, 'SB', 'SMT1', 0, 0, '', '', 0, 0, '', '', 0, '', ''),
(606, '1314.10.026', 3, 'SB', 'SMT1', 0, 0, '', '', 0, 0, '', '', 0, '', ''),
(607, '1314.10.044', 3, 'SB', 'SMT1', 0, 0, '', '', 0, 0, '', '', 0, '', ''),
(608, '1314.10.050', 3, 'SB', 'SMT1', 0, 0, '', '', 0, 0, '', '', 0, '', ''),
(609, '1314.10.057', 3, 'SB', 'SMT1', 0, 0, '', '', 0, 0, '', '', 0, '', ''),
(610, '1314.10.072', 3, 'SB', 'SMT1', 0, 0, '', '', 0, 0, '', '', 0, '', ''),
(611, '1314.10.076', 3, 'SB', 'SMT1', 0, 0, '', '', 0, 0, '', '', 0, '', ''),
(612, '1314.10.099', 3, 'SB', 'SMT1', 0, 0, '', '', 0, 0, '', '', 0, '', ''),
(613, '1314.10.102', 3, 'SB', 'SMT1', 0, 0, '', '', 0, 0, '', '', 0, '', ''),
(614, '1314.10.121', 3, 'SB', 'SMT1', 0, 0, '', '', 0, 0, '', '', 0, '', ''),
(615, '1314.10.128', 3, 'SB', 'SMT1', 0, 0, '', '', 0, 0, '', '', 0, '', ''),
(616, '1314.10.136', 3, 'SB', 'SMT1', 0, 0, '', '', 0, 0, '', '', 0, '', ''),
(617, '1314.10.150', 3, 'SB', 'SMT1', 0, 0, '', '', 0, 0, '', '', 0, '', ''),
(618, '1314.10.153', 3, 'SB', 'SMT1', 0, 0, '', '', 0, 0, '', '', 0, '', ''),
(619, '1314.10.168', 3, 'SB', 'SMT1', 0, 0, '', '', 0, 0, '', '', 0, '', ''),
(620, '1314.10.171', 3, 'SB', 'SMT1', 0, 0, '', '', 0, 0, '', '', 0, '', ''),
(621, '1314.10.190', 3, 'SB', 'SMT1', 0, 0, '', '', 0, 0, '', '', 0, '', ''),
(622, '1314.10.202', 3, 'SB', 'SMT1', 0, 0, '', '', 0, 0, '', '', 0, '', ''),
(623, '1314.10.203', 3, 'SB', 'SMT1', 0, 0, '', '', 0, 0, '', '', 0, '', ''),
(624, '1314.10.210', 3, 'SB', 'SMT1', 0, 0, '', '', 0, 0, '', '', 0, '', ''),
(625, '1314.10.224', 3, 'SB', 'SMT1', 0, 0, '', '', 0, 0, '', '', 0, '', ''),
(626, '1314.10.235', 3, 'SB', 'SMT1', 0, 0, '', '', 0, 0, '', '', 0, '', ''),
(627, '1314.10.241', 3, 'SB', 'SMT1', 0, 0, '', '', 0, 0, '', '', 0, '', ''),
(628, '1314.10.258', 3, 'SB', 'SMT1', 0, 0, '', '', 0, 0, '', '', 0, '', ''),
(629, '1314.10.262', 3, 'SB', 'SMT1', 0, 0, '', '', 0, 0, '', '', 0, '', ''),
(630, '1314.10.271', 3, 'SB', 'SMT1', 0, 0, '', '', 0, 0, '', '', 0, '', ''),
(631, '1314.10.279', 3, 'SB', 'SMT1', 0, 0, '', '', 0, 0, '', '', 0, '', ''),
(632, '1314.10.293', 3, 'SB', 'SMT1', 0, 0, '', '', 0, 0, '', '', 0, '', ''),
(633, '1314.10.294', 3, 'SB', 'SMT1', 0, 0, '', '', 0, 0, '', '', 0, '', ''),
(634, '1314.10.314', 3, 'SB', 'SMT1', 0, 0, '', '', 0, 0, '', '', 0, '', ''),
(635, '1314.10.322', 3, 'SB', 'SMT1', 0, 0, '', '', 0, 0, '', '', 0, '', ''),
(636, '1314.10.324', 3, 'SB', 'SMT1', 0, 0, '', '', 0, 0, '', '', 0, '', ''),
(637, '1314.10.344', 3, 'SB', 'SMT1', 0, 0, '', '', 0, 0, '', '', 0, '', ''),
(638, '1314.10.352', 3, 'SB', 'SMT1', 0, 0, '', '', 0, 0, '', '', 0, '', ''),
(639, '1314.10.364', 3, 'SB', 'SMT1', 0, 0, '', '', 0, 0, '', '', 0, '', ''),
(640, '1314.10.381', 3, 'SB', 'SMT1', 0, 0, '', '', 0, 0, '', '', 0, '', ''),
(641, '1314.10.392', 3, 'SB', 'SMT1', 0, 0, '', '', 0, 0, '', '', 0, '', ''),
(642, '1314.10.396', 3, 'SB', 'SMT1', 0, 0, '', '', 0, 0, '', '', 0, '', ''),
(643, '1314.10.405', 3, 'SB', 'SMT1', 0, 0, '', '', 0, 0, '', '', 0, '', ''),
(644, '1314.10.006', 3, 'SEJA', 'SMT1', 67, 2.68, 'B-', 'A', 75, 3, 'B', 'A', 80, 'SB', 'A'),
(645, '1314.10.020', 3, 'SEJA', 'SMT1', 0, 0, '', '', 0, 0, '', '', 0, '', ''),
(646, '1314.10.026', 3, 'SEJA', 'SMT1', 0, 0, '', '', 0, 0, '', '', 0, '', ''),
(647, '1314.10.044', 3, 'SEJA', 'SMT1', 0, 0, '', '', 0, 0, '', '', 0, '', ''),
(648, '1314.10.050', 3, 'SEJA', 'SMT1', 0, 0, '', '', 0, 0, '', '', 0, '', ''),
(649, '1314.10.057', 3, 'SEJA', 'SMT1', 0, 0, '', '', 0, 0, '', '', 0, '', ''),
(650, '1314.10.072', 3, 'SEJA', 'SMT1', 0, 0, '', '', 0, 0, '', '', 0, '', ''),
(651, '1314.10.076', 3, 'SEJA', 'SMT1', 0, 0, '', '', 0, 0, '', '', 0, '', ''),
(652, '1314.10.099', 3, 'SEJA', 'SMT1', 0, 0, '', '', 0, 0, '', '', 0, '', ''),
(653, '1314.10.102', 3, 'SEJA', 'SMT1', 0, 0, '', '', 0, 0, '', '', 0, '', ''),
(654, '1314.10.121', 3, 'SEJA', 'SMT1', 0, 0, '', '', 0, 0, '', '', 0, '', ''),
(655, '1314.10.128', 3, 'SEJA', 'SMT1', 0, 0, '', '', 0, 0, '', '', 0, '', ''),
(656, '1314.10.136', 3, 'SEJA', 'SMT1', 0, 0, '', '', 0, 0, '', '', 0, '', ''),
(657, '1314.10.150', 3, 'SEJA', 'SMT1', 0, 0, '', '', 0, 0, '', '', 0, '', ''),
(658, '1314.10.153', 3, 'SEJA', 'SMT1', 0, 0, '', '', 0, 0, '', '', 0, '', ''),
(659, '1314.10.168', 3, 'SEJA', 'SMT1', 0, 0, '', '', 0, 0, '', '', 0, '', ''),
(660, '1314.10.171', 3, 'SEJA', 'SMT1', 0, 0, '', '', 0, 0, '', '', 0, '', ''),
(661, '1314.10.190', 3, 'SEJA', 'SMT1', 0, 0, '', '', 0, 0, '', '', 0, '', ''),
(662, '1314.10.202', 3, 'SEJA', 'SMT1', 0, 0, '', '', 0, 0, '', '', 0, '', ''),
(663, '1314.10.203', 3, 'SEJA', 'SMT1', 0, 0, '', '', 0, 0, '', '', 0, '', ''),
(664, '1314.10.210', 3, 'SEJA', 'SMT1', 0, 0, '', '', 0, 0, '', '', 0, '', ''),
(665, '1314.10.224', 3, 'SEJA', 'SMT1', 0, 0, '', '', 0, 0, '', '', 0, '', ''),
(666, '1314.10.235', 3, 'SEJA', 'SMT1', 0, 0, '', '', 0, 0, '', '', 0, '', ''),
(667, '1314.10.241', 3, 'SEJA', 'SMT1', 0, 0, '', '', 0, 0, '', '', 0, '', ''),
(668, '1314.10.258', 3, 'SEJA', 'SMT1', 0, 0, '', '', 0, 0, '', '', 0, '', ''),
(669, '1314.10.262', 3, 'SEJA', 'SMT1', 0, 0, '', '', 0, 0, '', '', 0, '', ''),
(670, '1314.10.271', 3, 'SEJA', 'SMT1', 0, 0, '', '', 0, 0, '', '', 0, '', ''),
(671, '1314.10.279', 3, 'SEJA', 'SMT1', 0, 0, '', '', 0, 0, '', '', 0, '', ''),
(672, '1314.10.293', 3, 'SEJA', 'SMT1', 0, 0, '', '', 0, 0, '', '', 0, '', ''),
(673, '1314.10.294', 3, 'SEJA', 'SMT1', 0, 0, '', '', 0, 0, '', '', 0, '', ''),
(674, '1314.10.314', 3, 'SEJA', 'SMT1', 0, 0, '', '', 0, 0, '', '', 0, '', ''),
(675, '1314.10.322', 3, 'SEJA', 'SMT1', 0, 0, '', '', 0, 0, '', '', 0, '', ''),
(676, '1314.10.324', 3, 'SEJA', 'SMT1', 0, 0, '', '', 0, 0, '', '', 0, '', ''),
(677, '1314.10.344', 3, 'SEJA', 'SMT1', 0, 0, '', '', 0, 0, '', '', 0, '', ''),
(678, '1314.10.352', 3, 'SEJA', 'SMT1', 0, 0, '', '', 0, 0, '', '', 0, '', ''),
(679, '1314.10.364', 3, 'SEJA', 'SMT1', 0, 0, '', '', 0, 0, '', '', 0, '', ''),
(680, '1314.10.381', 3, 'SEJA', 'SMT1', 0, 0, '', '', 0, 0, '', '', 0, '', ''),
(681, '1314.10.392', 3, 'SEJA', 'SMT1', 0, 0, '', '', 0, 0, '', '', 0, '', ''),
(682, '1314.10.396', 3, 'SEJA', 'SMT1', 0, 0, '', '', 0, 0, '', '', 0, '', ''),
(683, '1314.10.405', 3, 'SEJA', 'SMT1', 0, 0, '', '', 0, 0, '', '', 0, '', '');

-- --------------------------------------------------------

--
-- Table structure for table `profil_sekolah`
--

CREATE TABLE IF NOT EXISTS `profil_sekolah` (
  `npsn` varchar(10) NOT NULL,
  `nss` varchar(14) NOT NULL,
  `nama_sekolah` varchar(30) NOT NULL,
  `alamat_sekolah` varchar(30) NOT NULL,
  `kode_pos` int(5) NOT NULL,
  `no_telp` varchar(15) NOT NULL,
  `kelurahan` varchar(15) NOT NULL,
  `kecamatan` varchar(15) NOT NULL,
  `kota` varchar(15) NOT NULL,
  `provinsi` varchar(15) NOT NULL,
  `website` varchar(30) DEFAULT NULL,
  `email` varchar(30) DEFAULT NULL
) ENGINE=InnoDB DEFAULT CHARSET=latin1;

--
-- Dumping data for table `profil_sekolah`
--

INSERT INTO `profil_sekolah` (`npsn`, `nss`, `nama_sekolah`, `alamat_sekolah`, `kode_pos`, `no_telp`, `kelurahan`, `kecamatan`, `kota`, `provinsi`, `website`, `email`) VALUES
('20202263', '301020633005', 'SMA Negeri 1 Jampangkulon', 'Jl. Warungtagog', 43179, '(0266) 490147', 'Nagraksari', 'Jampangkulon', 'Sukabumi', 'Jawa Barat', 'www.smanjampangkulon.sch.id', 'smanjampangkulon@yahoo.co.id');

-- --------------------------------------------------------

--
-- Table structure for table `siswa`
--

CREATE TABLE IF NOT EXISTS `siswa` (
  `nis_siswa` varchar(13) NOT NULL,
  `nama_siswa` varchar(50) NOT NULL,
  `nisn_siswa` varchar(12) DEFAULT NULL,
  `tempat_lahir` varchar(25) NOT NULL,
  `tanggal_lahir` varchar(20) NOT NULL,
  `jenis_kelamin` varchar(10) NOT NULL,
  `agama` varchar(8) NOT NULL,
  `status_keluarga` varchar(15) NOT NULL,
  `anak_ke` int(2) NOT NULL,
  `alamat` text NOT NULL,
  `no_telp` varchar(20) DEFAULT NULL,
  `asal_sekolah` varchar(25) NOT NULL,
  `tanggal_masuk` varchar(20) NOT NULL,
  `status_siswa` varchar(13) DEFAULT 'Aktif'
) ENGINE=InnoDB DEFAULT CHARSET=latin1;

--
-- Dumping data for table `siswa`
--

INSERT INTO `siswa` (`nis_siswa`, `nama_siswa`, `nisn_siswa`, `tempat_lahir`, `tanggal_lahir`, `jenis_kelamin`, `agama`, `status_keluarga`, `anak_ke`, `alamat`, `no_telp`, `asal_sekolah`, `tanggal_masuk`, `status_siswa`) VALUES
('1314.10.006', 'Adi Ruswandi', '9984019177', 'Sukabumi', '08/09/1996', 'Laki-laki', 'Islam', 'Anak Kandung', 3, 'Kp. Cimahi Rt. 17/06 Ds. Cibodas Kec. Cibitung', '', 'SMPN 1 Cibitung', '22/06/2013', 'Aktif'),
('1314.10.020', 'Aldiansyah', '9971320907', 'Sukabumi', '30/10/1997', 'Laki-laki', 'Islam', 'Anak Kandung', 1, 'Kp. Bojonggenteng Rt. 01/01 Ds. Bojonggenteng Kec. Jampangkulon', '', 'SMPN 1 Jampangkulon', '22/06/2013', 'Aktif'),
('1314.10.026', 'Amelia Nurpitrianah', '9981143284', 'Sukabumi', '02/04/1998', 'Perempuan', 'Islam', 'Anak Kandung', 2, 'Kp. Ciparay Rt. 04/05 Ds. Ciparay Kec. Jampangkulon', '', 'SMPN 1 Surade', '22/06/2013', 'Aktif'),
('1314.10.044', 'Aris Saputra', '9970944245', 'Sukabumi', '30/05/1997', 'Laki-laki', 'Islam', 'Anak Kandung', 1, 'Kp. Puncak Malanding Rt. 02/02 Ds. Sumberjaya Kec. Tegalbuleud', '', 'SMPN 1 Tegal Buleud', '22/06/2013', 'Aktif'),
('1314.10.050', 'Ayu Widia', '9994097929', 'Sukabumi', '29/01/1999', 'Perempuan', 'Islam', 'Anak Kandung', 1, 'Kp. Leuwimunding Rt. 04/08 Ds. Nagraksari Kec. Jampangkulon', '', 'SMPN 2 Jampangkulon', '22/06/2013', 'Aktif'),
('1314.10.057', 'Candra Wijaya S', '9971321047', 'Sukabumi', '30/09/1997', 'Laki-laki', 'Islam', 'Anak Kandung', 2, 'Kp. Warujajar I Rt.05/04 Ds. Mekarjaya Kec. Jampangkulon', '', 'SMPN 2 Jampangkulon', '22/06/2013', 'Aktif'),
('1314.10.072', 'Dela Febrianti', '9981143382', 'Sukabumi', '30/01/1998', 'Perempuan', 'Islam', 'Anak Kandung', 1, 'Kp. Warungtagog Rt. 01/01 Ds. Nagraksari Kec. Jampangkulon', '', 'SMPN 1 Jampangkulon', '22/06/2013', 'Aktif'),
('1314.10.076', 'Denis Aji Muhammad Jabar', '', 'Sukabumi', '21/05/1998', 'Laki-laki', 'Islam', 'Anak Kandung', 1, 'Kp. Ciletuh Rt. 35/08 Ds. Kertajaya Kec. Simpenan', '', 'SMPN 1 Lengkong', '22/06/2013', 'Aktif'),
('1314.10.099', 'Elsa Marliani', '9994098077', 'Sukabumi', '17/03/1999', 'Perempuan', 'Islam', 'Anak Kandung', 1, 'Kp. Pasir Cabe Rt. 08/09 Ds. Nagraksari Kec. Jampangkulon', '', 'SMPN 1 Jampangkulon', '22/06/2013', 'Aktif'),
('1314.10.102', 'Erwan Susanto', '9974097969', 'Sukabumi', '11/03/1997', 'Laki-laki', 'Islam', 'Anak Kandung', 1, 'Kp. Cigaronggong Rt. 04/08 Ds. Bojongsari Kec. Jampangkulon', '', 'SMPN 3 Jampangkulon', '22/06/2013', 'Aktif'),
('1314.10.121', 'Hardika Eka Putra', '', 'Sukabumi', '27/07/1997', 'Laki-laki', 'Islam', 'Anak Kandung', 1, 'Kp. Pasirulis Rt. 02/02 Ds. Cikarang Kec. Jampangkulon', '', 'SMPT Darul Amal', '22/06/2013', 'Aktif'),
('1314.10.128', 'Hesti Pujiawati', '9983851700', 'Sukabumi', '02/02/1998', 'Perempuan', 'Islam', 'Anak Kandung', 1, 'Kp. Cipancur Rt. 16/06 Ds. Cibodas Kec. Cibitung', '', 'SMPN 3 Jampangkulon', '22/06/2013', 'Aktif'),
('1314.10.136', 'Ilham', '', 'Sukabumi', '22/12/1997', 'Laki-laki', 'Islam', 'Anak Kandung', 4, 'Kp. Cimanggis Ds. Mangunjaya Kec. Waluran', '', 'MTsN Waluran ', '22/06/2013', 'Aktif'),
('1314.10.150', 'Intan', '9975777272', 'Sukabumi', '10/01/1997', 'Perempuan', 'Islam', 'Anak Kandung', 1, 'Kp. Cimanggis Rt. 09/02 Ds. Mangunjaya Kec. Waluran', '', 'SMPN 1 Jampangkulon', '22/06/2013', 'Aktif'),
('1314.10.153', 'Iqbal Sulung Nugraha', '9983970845', 'Sukabumi', '16/10/1998', 'Laki-laki', 'Islam', 'Anak Kandung', 1, 'Kp. Cipanali Rt. 02/02 Ds. Karangmekar Kec. Cimanggu', '', 'SMPN 1 Cimanggu', '22/06/2013', 'Aktif'),
('1314.10.168', 'Krisna Benoto', '9981143176', 'Sukabumi', '12/05/1998', 'Laki-laki', 'Islam', 'Anak Kandung', 1, 'Kp. Bojonggenteng Rt. 03/01 Ds. Bojonggenteng Kec. Jampangkulon', '', 'SMPN 1 Jampangkulon', '22/06/2013', 'Aktif'),
('1314.10.171', 'Linda Lestari', '9982780283', 'Sukabumi', '24/10/1997', 'Perempuan', 'Islam', 'Anak Kandung', 1, 'Kp. Ciledeug Rt. 03/05 Ds. Mekarjaya Kec. Jampangkulon', '', 'SMPN 2 Jampangkulon', '22/06/2013', 'Aktif'),
('1314.10.190', 'Meilita Nur Aisyah', '9994097776', 'Bogor', '15/05/1999', 'Perempuan', 'Islam', 'Anak Kandung', 2, 'Kp. Mandala Rt. 07/04 Ds. Tanjung Kec. Jampangkulon', '', 'SMPN 1 Jampangkulon', '22/06/2013', 'Aktif'),
('1314.10.202', 'Muhamad Falah Samsul Bahri', '9985671507', 'Sukabumi', '18/05/1998', 'Laki-laki', 'Islam', 'Anak Kandung', 1, 'Kp. Puncakbatu Rt. 04/01 Ds. Sumberjaya Kec. Tegalbuleud', '', 'SMPN 1 Tegal Buleud', '22/06/2013', 'Aktif'),
('1314.10.203', 'Muhamad Gunawan', '9974291053', 'Bekasi', '23/07/1997', 'Laki-laki', 'Islam', 'Anak Kandung', 1, 'Kp. Sindanglaya Rt. 05/02 Ds. Bojonggenteng Kec. Jampangkulon', '', 'MTs Al-Fakhriyah', '22/06/2013', 'Aktif'),
('1314.10.210', 'Mulya Fajar', '9974098421', 'Sukabumi', '05/09/1997', 'Laki-laki', 'Islam', 'Anak Kandung', 1, 'Kp. Salagedang Rt. 05/03 Ds. Bojongsari Kec. Jampangkulon', '', 'SMPN 3 Jampangkulon', '22/06/2013', 'Aktif'),
('1314.10.224', 'Neng Lisda', '9986492599', 'Sukabumi', '06/03/1998', 'Perempuan', 'Islam', 'Anak Kandung', 4, 'Kp. Simpang Karet Rt. 10/01 Ds. Citanglar Kec. Surade', '', 'SMPN 2 Cibitung', '22/06/2013', 'Aktif'),
('1314.10.235', 'Novi Nurharum Sari', '9971321118', 'Sukabumi', '20/05/1998', 'Perempuan', 'Islam', 'Anak Kandung', 2, 'Kp. Warungtagog Rt. 01/01 Ds. Nagraksari Kec. Jampangkulon', '', 'SMPN 1 Jampangkulon', '22/06/2013', 'Aktif'),
('1314.10.241', 'Nurlatifah', '', 'Sukabumi', '06/06/1998', 'Perempuan', 'Islam', 'Anak Kandung', 1, 'Kp. Cigaok Rt. 03/01 Ds. Cibodas kec. Cibitung', '', 'SMPN 1 Cibitung', '22/06/2013', 'Aktif'),
('1314.10.258', 'Puspita Meilasari', '9981143330', 'Sukabumi', '08/05/1998', 'Perempuan', 'Islam', 'Anak Kandung', 1, 'Kp. Ciranji I Rt. 01/03 Ds. Mekarjaya Kec. Jampangkulon', '', 'SMPN 2 Jampangkulon', '22/06/2013', 'Aktif'),
('1314.10.262', 'Rahmat Taufik Hidayat', '9974098057', 'Sukabumi', '17/05/1997', 'Laki-laki', 'Islam', 'Anak Kandung', 1, 'Kp. Kalapanunggal Rt. 04/03 Ds. Cikarang Kec. Jampangkulon', '', 'SMPN 1 Jampangkulon', '22/06/2013', 'Aktif'),
('1314.10.271', 'Renti Sukmawati', '9981143331', 'Sukabumi', '02/04/1998', 'Perempuan', 'Islam', 'Anak Kandung', 2, 'Kp. Curughilir Rt. 05/02 Ds. Mekarjaya Kec. Jampangkulon', '', 'SMPN 2 Jampangkulon', '22/06/2013', 'Aktif'),
('1314.10.279', 'Rian Badru', '', 'Sukabumi', '03/03/1997', 'Laki-laki', 'Islam', 'Anak Kandung', 1, 'Kp.Cigaok Rt. 02/01 Ds. Cibodas  Kec. Cibitung', '', 'SMPN 1 Cibitung', '22/06/2013', 'Aktif'),
('1314.10.293', 'Ringga Dwi Raju', '9976613650', 'Sukabumi', '23/07/1997', 'Laki-laki', 'Islam', 'Anak Kandung', 2, 'Kp. Cikujang Rt. 01/01 Ds. Gunungsungging Kec.Surade', '', 'SMPN 1 Surade', '22/06/2013', 'Aktif'),
('1314.10.294', 'Rini Herlina', '', 'Cimahi', '25/11/1997', 'Perempuan', 'Islam', 'Anak Kandung', 1, 'Kp. Selagedang Rt. 12/04 Ds. Cibodas Kec. Cibitung', '', 'SMPN 1 Cibitung', '22/06/2013', 'Aktif'),
('1314.10.314', 'Robi Erwin', '9984108568', 'Sukabumi', '14/01/1998', 'Laki-laki', 'Islam', 'Anak Kandung', 1, 'Kp. Neglasari Rt. 01/05 Ds. Tanjung Kec. Jampangkulon', '', 'SMPN 1 Jampangkulon', '22/06/2013', 'Aktif'),
('1314.10.322', 'Sahrial Jayani', '9974098095', 'Sukabumi', '07/10/1997', 'Laki-laki', 'Islam', 'Anak Kandung', 1, 'Kp. Batumeungpeuk Rt. 09/01 Ds. Ciparay Kec. Jampangkulon ', '', 'SMPN 1 Jampangkulon', '22/06/2013', 'Aktif'),
('1314.10.324', 'Sania Puput Putri', '9973918986', 'Sukabumi', '23/08/1997', 'Perempuan', 'Islam', 'Anak Kandung', 1, 'Kp. Gunungbatu Rt. 20/03 Ds. Talagamurni Kec. Cibitung', '', 'SMPN 2 Cibitung', '22/06/2013', 'Aktif'),
('1314.10.344', 'Siska Nahla Padila', '9981143179', 'Sukabumi', '30/06/1998', 'Perempuan', 'Islam', 'Anak Kandung', 4, 'Kp. Bojonggenteng Rt. 08/03 Ds. Bojonggenteng Kec. Jampangkulon', '', 'SMPN 1 Jampangkulon', '22/06/2013', 'Aktif'),
('1314.10.352', 'Siti Nurjanah', '9984018293', 'Sukabumi', '03/04/1998', 'Perempuan', 'Islam', 'Anak Kandung', 1, 'Kp. Lembursawah Rt. 06/08 Ds. Bojongsari Kec. Jampangkulon', '', 'SMPN 2 Jampangkulon', '22/06/2013', 'Aktif'),
('1314.10.364', 'Suciyana Rahayu', '9986492396', 'Sukabumi', '01/01/1998', 'Perempuan', 'Islam', 'Anak Kandung', 1, 'Kp. Naringgul Rt. 07/09 Ds. Jagamukti Kec. Surade', '', 'SMPN 1 Surade', '22/06/2013', 'Aktif'),
('1314.10.381', 'Vina Nurfitriyani', '9984018412', 'Sukabumi', '04/05/1998', 'Perempuan', 'Islam', 'Anak Kandung', 2, 'Kp. Cilempung Rt. 10/01 Ds. Ciparay Kec. Jampangkulon', '', 'SMPN 1 Jampangkulon', '22/06/2013', 'Aktif'),
('1314.10.392', 'Wulan Sari', '9974098139', 'Sukabumi', '20/09/1997', 'Perempuan', 'Islam', 'Anak Kandung', 2, 'Kp. Cilubang Rt. 05/02 Ds. Jampangkulon Kec. Jampangkulon', '', 'SMPN 1 Jampangkulon', '22/06/2013', 'Aktif'),
('1314.10.396', 'Yoga Dwi Ramdani', '9981143350', 'Sukabumi', '20/01/1998', 'Laki-laki', 'Islam', 'Anak Kandung', 2, 'Kp. Cilubang Rt. 04/02 Ds. Jampangkulon Kec. Jampangkulon', '', 'SMPN 1 Jampangkulon', '22/06/2013', 'Aktif'),
('1314.10.405', 'Yuditya Kharisma Herlambang', '9984018572', 'Sukabumi', '07/11/1998', 'Laki-laki', 'Islam', 'Anak Kandung', 3, 'Kp. Negla Mekar Rt. 07/05 Ds. Tanjung Kec. Jampangkulon', '', 'SMPN 1 Jampangkulon', '22/06/2013', 'Aktif');

-- --------------------------------------------------------

--
-- Table structure for table `user`
--

CREATE TABLE IF NOT EXISTS `user` (
  `username` varchar(15) NOT NULL,
  `password` text NOT NULL,
  `nama` varchar(50) NOT NULL,
  `level` int(11) DEFAULT '0'
) ENGINE=InnoDB DEFAULT CHARSET=latin1;

--
-- Dumping data for table `user`
--

INSERT INTO `user` (`username`, `password`, `nama`, `level`) VALUES
('admin', 'YLr7l9DCoeHtEG3I7U+TSw==', 'Drs. Sahrudin', 1),
('administrasi', 'px/5Z9IuDgBmpXLesMt+mkG0iyy7IZpBOK600l40S9E=', 'Iyep Budiman, S.Pd, M.Mpd.', 0),
('kamu', 'ub+ioxsINXjlfOPGRHzMdw==', 'Drs. Deden Zenal Muttaqin, M.Mpd.', 0);

--
-- Indexes for dumped tables
--

--
-- Indexes for table `deskripsi`
--
ALTER TABLE `deskripsi`
 ADD PRIMARY KEY (`id_deskripsi`), ADD KEY `kode_kelas` (`kode_kelas`), ADD KEY `kode_mapel` (`kode_mapel`), ADD KEY `kode_semester` (`kode_semester`);

--
-- Indexes for table `deskripsieskul`
--
ALTER TABLE `deskripsieskul`
 ADD PRIMARY KEY (`id_deskripsieskul`), ADD KEY `kode_eskul` (`kode_eskul`), ADD KEY `nis_siswa` (`nis_siswa`);

--
-- Indexes for table `detailkelassiswa`
--
ALTER TABLE `detailkelassiswa`
 ADD PRIMARY KEY (`id_detail`), ADD KEY `kode_kelas` (`kode_kelas`), ADD KEY `nis_siswa` (`nis_siswa`), ADD KEY `kode_kelas_2` (`kode_kelas`), ADD KEY `nis_siswa_2` (`nis_siswa`), ADD KEY `kode_kelas_3` (`kode_kelas`), ADD KEY `nis_siswa_3` (`nis_siswa`);

--
-- Indexes for table `detailmapelguru`
--
ALTER TABLE `detailmapelguru`
 ADD PRIMARY KEY (`id_detail`), ADD KEY `id_guru` (`id_guru`), ADD KEY `kode_mapel` (`kode_mapel`);

--
-- Indexes for table `detailmapelkelas`
--
ALTER TABLE `detailmapelkelas`
 ADD PRIMARY KEY (`id_detail`), ADD KEY `kode_kelas` (`kode_kelas`), ADD KEY `kode_mapel` (`kode_mapel`), ADD KEY `id_guru` (`id_guru`);

--
-- Indexes for table `ekstrakurikuler`
--
ALTER TABLE `ekstrakurikuler`
 ADD PRIMARY KEY (`kode_eskul`);

--
-- Indexes for table `guru`
--
ALTER TABLE `guru`
 ADD PRIMARY KEY (`id_guru`);

--
-- Indexes for table `kelas`
--
ALTER TABLE `kelas`
 ADD PRIMARY KEY (`kode_kelas`), ADD KEY `id_guru` (`id_guru`);

--
-- Indexes for table `mapel`
--
ALTER TABLE `mapel`
 ADD PRIMARY KEY (`kode_mapel`);

--
-- Indexes for table `nilai`
--
ALTER TABLE `nilai`
 ADD PRIMARY KEY (`id_nilai`), ADD KEY `nis_siswa` (`nis_siswa`), ADD KEY `nis_siswa_2` (`nis_siswa`), ADD KEY `kode_kelas_2` (`kode_kelas`), ADD KEY `kode_mapel_2` (`kode_mapel`), ADD KEY `kode_kelas` (`kode_kelas`), ADD KEY `kode_mapel` (`kode_mapel`);

--
-- Indexes for table `profil_sekolah`
--
ALTER TABLE `profil_sekolah`
 ADD PRIMARY KEY (`npsn`);

--
-- Indexes for table `siswa`
--
ALTER TABLE `siswa`
 ADD PRIMARY KEY (`nis_siswa`);

--
-- Indexes for table `user`
--
ALTER TABLE `user`
 ADD PRIMARY KEY (`username`);

--
-- AUTO_INCREMENT for dumped tables
--

--
-- AUTO_INCREMENT for table `deskripsi`
--
ALTER TABLE `deskripsi`
MODIFY `id_deskripsi` int(11) NOT NULL AUTO_INCREMENT,AUTO_INCREMENT=17;
--
-- AUTO_INCREMENT for table `deskripsieskul`
--
ALTER TABLE `deskripsieskul`
MODIFY `id_deskripsieskul` int(11) NOT NULL AUTO_INCREMENT;
--
-- AUTO_INCREMENT for table `detailkelassiswa`
--
ALTER TABLE `detailkelassiswa`
MODIFY `id_detail` int(11) NOT NULL AUTO_INCREMENT,AUTO_INCREMENT=204;
--
-- AUTO_INCREMENT for table `detailmapelguru`
--
ALTER TABLE `detailmapelguru`
MODIFY `id_detail` int(11) NOT NULL AUTO_INCREMENT,AUTO_INCREMENT=44;
--
-- AUTO_INCREMENT for table `detailmapelkelas`
--
ALTER TABLE `detailmapelkelas`
MODIFY `id_detail` int(11) NOT NULL AUTO_INCREMENT,AUTO_INCREMENT=112;
--
-- AUTO_INCREMENT for table `kelas`
--
ALTER TABLE `kelas`
MODIFY `kode_kelas` int(11) NOT NULL AUTO_INCREMENT,AUTO_INCREMENT=10;
--
-- AUTO_INCREMENT for table `nilai`
--
ALTER TABLE `nilai`
MODIFY `id_nilai` int(11) NOT NULL AUTO_INCREMENT,AUTO_INCREMENT=684;
--
-- Constraints for dumped tables
--

--
-- Constraints for table `deskripsi`
--
ALTER TABLE `deskripsi`
ADD CONSTRAINT `deskripsi_ibfk_1` FOREIGN KEY (`kode_kelas`) REFERENCES `kelas` (`kode_kelas`) ON DELETE CASCADE ON UPDATE CASCADE,
ADD CONSTRAINT `deskripsi_ibfk_2` FOREIGN KEY (`kode_mapel`) REFERENCES `mapel` (`kode_mapel`) ON DELETE CASCADE ON UPDATE CASCADE;

--
-- Constraints for table `deskripsieskul`
--
ALTER TABLE `deskripsieskul`
ADD CONSTRAINT `deskripsieskul_ibfk_1` FOREIGN KEY (`kode_eskul`) REFERENCES `ekstrakurikuler` (`kode_eskul`) ON DELETE CASCADE ON UPDATE CASCADE,
ADD CONSTRAINT `deskripsieskul_ibfk_2` FOREIGN KEY (`nis_siswa`) REFERENCES `siswa` (`nis_siswa`) ON DELETE CASCADE ON UPDATE CASCADE;

--
-- Constraints for table `detailkelassiswa`
--
ALTER TABLE `detailkelassiswa`
ADD CONSTRAINT `detailkelassiswa_ibfk_1` FOREIGN KEY (`kode_kelas`) REFERENCES `kelas` (`kode_kelas`) ON DELETE CASCADE ON UPDATE CASCADE,
ADD CONSTRAINT `detailkelassiswa_ibfk_2` FOREIGN KEY (`nis_siswa`) REFERENCES `siswa` (`nis_siswa`) ON DELETE CASCADE ON UPDATE CASCADE;

--
-- Constraints for table `detailmapelguru`
--
ALTER TABLE `detailmapelguru`
ADD CONSTRAINT `detailmapelguru_ibfk_1` FOREIGN KEY (`id_guru`) REFERENCES `guru` (`id_guru`) ON DELETE CASCADE ON UPDATE CASCADE,
ADD CONSTRAINT `detailmapelguru_ibfk_2` FOREIGN KEY (`kode_mapel`) REFERENCES `mapel` (`kode_mapel`);

--
-- Constraints for table `detailmapelkelas`
--
ALTER TABLE `detailmapelkelas`
ADD CONSTRAINT `detailmapelkelas_ibfk_1` FOREIGN KEY (`kode_kelas`) REFERENCES `kelas` (`kode_kelas`) ON DELETE CASCADE ON UPDATE CASCADE,
ADD CONSTRAINT `detailmapelkelas_ibfk_2` FOREIGN KEY (`kode_mapel`) REFERENCES `mapel` (`kode_mapel`) ON DELETE CASCADE ON UPDATE CASCADE,
ADD CONSTRAINT `detailmapelkelas_ibfk_3` FOREIGN KEY (`id_guru`) REFERENCES `guru` (`id_guru`) ON DELETE CASCADE ON UPDATE CASCADE;

--
-- Constraints for table `kelas`
--
ALTER TABLE `kelas`
ADD CONSTRAINT `kelas_ibfk_1` FOREIGN KEY (`id_guru`) REFERENCES `guru` (`id_guru`) ON DELETE CASCADE ON UPDATE CASCADE;

--
-- Constraints for table `nilai`
--
ALTER TABLE `nilai`
ADD CONSTRAINT `nilai_ibfk_1` FOREIGN KEY (`nis_siswa`) REFERENCES `siswa` (`nis_siswa`) ON DELETE CASCADE ON UPDATE CASCADE,
ADD CONSTRAINT `nilai_ibfk_2` FOREIGN KEY (`kode_kelas`) REFERENCES `kelas` (`kode_kelas`) ON DELETE CASCADE ON UPDATE CASCADE,
ADD CONSTRAINT `nilai_ibfk_3` FOREIGN KEY (`kode_mapel`) REFERENCES `mapel` (`kode_mapel`) ON DELETE CASCADE ON UPDATE CASCADE;

/*!40101 SET CHARACTER_SET_CLIENT=@OLD_CHARACTER_SET_CLIENT */;
/*!40101 SET CHARACTER_SET_RESULTS=@OLD_CHARACTER_SET_RESULTS */;
/*!40101 SET COLLATION_CONNECTION=@OLD_COLLATION_CONNECTION */;
